-- --------------------------------------------------------
-- 호스트:                          192.168.0.58
-- 서버 버전:                        5.6.36 - MySQL Community Server (GPL)
-- 서버 OS:                        Win64
-- HeidiSQL 버전:                  9.4.0.5164
-- --------------------------------------------------------

/*!40101 SET @OLD_CHARACTER_SET_CLIENT=@@CHARACTER_SET_CLIENT */;
/*!40101 SET NAMES utf8 */;
/*!50503 SET NAMES utf8mb4 */;
/*!40014 SET @OLD_FOREIGN_KEY_CHECKS=@@FOREIGN_KEY_CHECKS, FOREIGN_KEY_CHECKS=0 */;
/*!40101 SET @OLD_SQL_MODE=@@SQL_MODE, SQL_MODE='NO_AUTO_VALUE_ON_ZERO' */;


-- tester1 데이터베이스 구조 내보내기
DROP DATABASE IF EXISTS `tester1`;
CREATE DATABASE IF NOT EXISTS `tester1` /*!40100 DEFAULT CHARACTER SET utf8mb4 COLLATE utf8mb4_unicode_ci */;
USE `tester1`;

-- 테이블 tester1.building 구조 내보내기
DROP TABLE IF EXISTS `building`;
CREATE TABLE IF NOT EXISTS `building` (
  `LocationID` int(11) NOT NULL,
  `Kind` int(11) DEFAULT NULL,
  `Level` int(11) NOT NULL DEFAULT '1',
  `RoomNumber` int(11) DEFAULT NULL,
  KEY `FKbuilding569226` (`LocationID`),
  KEY `FK_building_structures` (`Kind`),
  CONSTRAINT `Castle_Building_fk` FOREIGN KEY (`LocationID`) REFERENCES `castle` (`LocationID`),
  CONSTRAINT `FK_building_structures` FOREIGN KEY (`Kind`) REFERENCES `structures` (`Kind`)
) ENGINE=InnoDB DEFAULT CHARSET=utf8mb4 COLLATE=utf8mb4_unicode_ci;

-- 테이블 데이터 tester1.building:~7 rows (대략적) 내보내기
/*!40000 ALTER TABLE `building` DISABLE KEYS */;
INSERT INTO `building` (`LocationID`, `Kind`, `Level`, `RoomNumber`) VALUES
	(2446, 2, 1, 10),
	(2446, 3, 1, 11),
	(2446, 4, 1, 2),
	(2447, 1, 5, 1),
	(2447, 2, 1, 10),
	(2447, 3, 1, 11),
	(2446, 1, 0, 5);
/*!40000 ALTER TABLE `building` ENABLE KEYS */;

-- 테이블 tester1.castle 구조 내보내기
DROP TABLE IF EXISTS `castle`;
CREATE TABLE IF NOT EXISTS `castle` (
  `UserID` varchar(20) COLLATE utf8mb4_unicode_ci NOT NULL,
  `Name` varchar(20) COLLATE utf8mb4_unicode_ci NOT NULL,
  `Production` int(11) NOT NULL DEFAULT '0',
  `Kind` int(11) NOT NULL DEFAULT '1',
  `LocationID` int(11) NOT NULL,
  PRIMARY KEY (`LocationID`),
  KEY `FKcastle962896` (`UserID`),
  CONSTRAINT `FK_castle_members` FOREIGN KEY (`UserID`) REFERENCES `members` (`UserID`),
  CONSTRAINT `XYval_Castle_fk` FOREIGN KEY (`LocationID`) REFERENCES `xyval` (`LocationID`)
) ENGINE=InnoDB DEFAULT CHARSET=utf8mb4 COLLATE=utf8mb4_unicode_ci;

-- 테이블 데이터 tester1.castle:~2 rows (대략적) 내보내기
/*!40000 ALTER TABLE `castle` DISABLE KEYS */;
INSERT INTO `castle` (`UserID`, `Name`, `Production`, `Kind`, `LocationID`) VALUES
	('tester', 'BasicCastle', 3000, 1, 2446),
	('tester', 'MultiCastle', 3000, 1, 2447);
/*!40000 ALTER TABLE `castle` ENABLE KEYS */;

-- 테이블 tester1.castletroop 구조 내보내기
DROP TABLE IF EXISTS `castletroop`;
CREATE TABLE IF NOT EXISTS `castletroop` (
  `LocationID` int(11) NOT NULL,
  `SlotID` int(11) NOT NULL,
  KEY `FKcastletroo610402` (`LocationID`),
  KEY `FKcastletroo459201` (`SlotID`),
  CONSTRAINT `FK_castletroop_slot` FOREIGN KEY (`SlotID`) REFERENCES `slot` (`SlotID`)
) ENGINE=InnoDB DEFAULT CHARSET=utf8mb4 COLLATE=utf8mb4_unicode_ci;

-- 테이블 데이터 tester1.castletroop:~2 rows (대략적) 내보내기
/*!40000 ALTER TABLE `castletroop` DISABLE KEYS */;
INSERT INTO `castletroop` (`LocationID`, `SlotID`) VALUES
	(2446, 7),
	(2446, 8),
	(2446, 9);
/*!40000 ALTER TABLE `castletroop` ENABLE KEYS */;

-- 뷰 tester1.castletroop_slotunit 구조 내보내기
DROP VIEW IF EXISTS `castletroop_slotunit`;
-- VIEW 종속성 오류를 극복하기 위해 임시 테이블을 생성합니다.
CREATE TABLE `castletroop_slotunit` (
	`LocationID` INT(11) NOT NULL,
	`SlotID` INT(11) NOT NULL,
	`SlotUID` INT(11) NULL,
	`SlotAmount` INT(11) NOT NULL
) ENGINE=MyISAM;

-- 테이블 tester1.herotable 구조 내보내기
DROP TABLE IF EXISTS `herotable`;
CREATE TABLE IF NOT EXISTS `herotable` (
  `HeroID` int(11) NOT NULL AUTO_INCREMENT,
  `STR` int(11) NOT NULL,
  `AGI` int(11) NOT NULL,
  `CON` int(11) NOT NULL,
  `Owner` varchar(20) COLLATE utf8mb4_unicode_ci DEFAULT NULL,
  `LocationID` int(11) NOT NULL,
  `Statuus` int(11) NOT NULL DEFAULT '0',
  `Specialty` int(11) DEFAULT NULL,
  `Potrait` int(11) DEFAULT NULL,
  `Sex` bit(1) NOT NULL,
  `HeroLevel` int(11) NOT NULL DEFAULT '1',
  `HeroEXP` int(11) NOT NULL DEFAULT '0',
  PRIMARY KEY (`HeroID`),
  KEY `FKherotable409061` (`LocationID`),
  CONSTRAINT `hero_xyval_fk` FOREIGN KEY (`LocationID`) REFERENCES `xyval` (`LocationID`)
) ENGINE=InnoDB AUTO_INCREMENT=3 DEFAULT CHARSET=utf8mb4 COLLATE=utf8mb4_unicode_ci;

-- 테이블 데이터 tester1.herotable:~2 rows (대략적) 내보내기
/*!40000 ALTER TABLE `herotable` DISABLE KEYS */;
INSERT INTO `herotable` (`HeroID`, `STR`, `AGI`, `CON`, `Owner`, `LocationID`, `Statuus`, `Specialty`, `Potrait`, `Sex`, `HeroLevel`, `HeroEXP`) VALUES
	(1, 1, 2, 3, 'tester', 2446, 1, 1, 1, b'1', 1, 380),
	(2, 4, 5, 6, 'tester', 2446, 1, 2, 1, b'1', 2, 2390);
/*!40000 ALTER TABLE `herotable` ENABLE KEYS */;

-- 테이블 tester1.herotroop 구조 내보내기
DROP TABLE IF EXISTS `herotroop`;
CREATE TABLE IF NOT EXISTS `herotroop` (
  `HeroID` int(11) NOT NULL,
  `SlotID` int(11) NOT NULL,
  KEY `FKherotroop19456` (`HeroID`),
  KEY `FKherotroop803884` (`SlotID`),
  CONSTRAINT `FK_herotroop_slot` FOREIGN KEY (`SlotID`) REFERENCES `slot` (`SlotID`),
  CONSTRAINT `FKherotroop19456` FOREIGN KEY (`HeroID`) REFERENCES `herotable` (`HeroID`)
) ENGINE=InnoDB DEFAULT CHARSET=utf8mb4 COLLATE=utf8mb4_unicode_ci;

-- 테이블 데이터 tester1.herotroop:~6 rows (대략적) 내보내기
/*!40000 ALTER TABLE `herotroop` DISABLE KEYS */;
INSERT INTO `herotroop` (`HeroID`, `SlotID`) VALUES
	(1, 1),
	(1, 2),
	(1, 3),
	(2, 4),
	(2, 5),
	(2, 6);
/*!40000 ALTER TABLE `herotroop` ENABLE KEYS */;

-- 뷰 tester1.herotroop_slotunit 구조 내보내기
DROP VIEW IF EXISTS `herotroop_slotunit`;
-- VIEW 종속성 오류를 극복하기 위해 임시 테이블을 생성합니다.
CREATE TABLE `herotroop_slotunit` (
	`HeroID` INT(11) NOT NULL,
	`SlotID` INT(11) NOT NULL,
	`slotUID` INT(11) NULL,
	`slotAmount` INT(11) NOT NULL
) ENGINE=MyISAM;

-- 테이블 tester1.level 구조 내보내기
DROP TABLE IF EXISTS `level`;
CREATE TABLE IF NOT EXISTS `level` (
  `Name` varchar(50) COLLATE utf8mb4_unicode_ci NOT NULL,
  `S_Level` int(11) NOT NULL,
  `S_EXP` int(11) NOT NULL
) ENGINE=InnoDB DEFAULT CHARSET=utf8mb4 COLLATE=utf8mb4_unicode_ci;

-- 테이블 데이터 tester1.level:~13 rows (대략적) 내보내기
/*!40000 ALTER TABLE `level` DISABLE KEYS */;
INSERT INTO `level` (`Name`, `S_Level`, `S_EXP`) VALUES
	('Hero', 2, 100),
	('Hero', 3, 200),
	('Hero', 4, 400),
	('Hero', 5, 800),
	('Hero', 6, 1600),
	('User', 2, 100),
	('User', 3, 200),
	('User', 4, 400),
	('User', 5, 800),
	('User', 6, 1600),
	('Hero', 1, 50),
	('User', 1, 50);
/*!40000 ALTER TABLE `level` ENABLE KEYS */;

-- 테이블 tester1.log 구조 내보내기
DROP TABLE IF EXISTS `log`;
CREATE TABLE IF NOT EXISTS `log` (
  `LogNumber` int(11) NOT NULL AUTO_INCREMENT,
  `LogName` varchar(50) COLLATE utf8mb4_unicode_ci DEFAULT NULL,
  `AttackUserID` varchar(50) COLLATE utf8mb4_unicode_ci NOT NULL,
  `DefenseUserID` varchar(50) COLLATE utf8mb4_unicode_ci NOT NULL,
  `AttackUserUseYN` bit(1) NOT NULL DEFAULT b'0',
  `DefenseUserUseYN` bit(1) NOT NULL DEFAULT b'0',
  `WhoWins` varchar(50) COLLATE utf8mb4_unicode_ci NOT NULL,
  `BattleDate` datetime NOT NULL,
  PRIMARY KEY (`LogNumber`)
) ENGINE=InnoDB AUTO_INCREMENT=82 DEFAULT CHARSET=utf8mb4 COLLATE=utf8mb4_unicode_ci;

-- 테이블 데이터 tester1.log:~11 rows (대략적) 내보내기
/*!40000 ALTER TABLE `log` DISABLE KEYS */;
INSERT INTO `log` (`LogNumber`, `LogName`, `AttackUserID`, `DefenseUserID`, `AttackUserUseYN`, `DefenseUserUseYN`, `WhoWins`, `BattleDate`) VALUES
	(1, NULL, '겨울', '여름', b'0', b'0', 'ATK', '2017-08-04 11:57:01'),
	(2, NULL, '여름', '겨울', b'0', b'1', 'ATK', '2017-08-07 15:28:35'),
	(3, NULL, '겨울', '봄', b'1', b'0', 'ATK', '2017-08-07 15:28:35'),
	(4, NULL, '겨울', '가을', b'0', b'0', 'ATK', '2017-08-07 15:28:35'),
	(5, NULL, '봄', '겨울', b'0', b'0', 'ATK', '2017-08-07 15:28:35'),
	(6, NULL, '가을', '겨울', b'1', b'1', 'ATK', '2017-08-07 15:28:35'),
	(77, '20170825025113956-tester-_NUTURAL_', 'tester', '_NUTURAL_', b'0', b'0', 'tester', '2017-08-25 14:51:14'),
	(78, '20170825031454365-tester-_NUTURAL_', 'tester', '_NUTURAL_', b'0', b'0', 'tester', '2017-08-25 15:14:54'),
	(79, '20170825031859357-tester-_NUTURAL_', 'tester', '_NUTURAL_', b'0', b'0', 'tester', '2017-08-25 15:18:59'),
	(80, '20170825033525471-tester-_NUTURAL_', 'tester', '_NUTURAL_', b'0', b'0', 'tester', '2017-08-25 15:35:25'),
	(81, '20170825034158269-tester-_NUTURAL_', 'tester', '_NUTURAL_', b'0', b'0', 'tester', '2017-08-25 15:41:58');
/*!40000 ALTER TABLE `log` ENABLE KEYS */;

-- 테이블 tester1.members 구조 내보내기
DROP TABLE IF EXISTS `members`;
CREATE TABLE IF NOT EXISTS `members` (
  `UserID` varchar(20) COLLATE utf8mb4_unicode_ci NOT NULL,
  `UserPW` varchar(20) COLLATE utf8mb4_unicode_ci NOT NULL,
  `UserNicName` varchar(20) COLLATE utf8mb4_unicode_ci NOT NULL,
  `UserEmail` varchar(50) COLLATE utf8mb4_unicode_ci NOT NULL,
  `UserLevel` int(11) NOT NULL DEFAULT '1',
  `SaveProduction` decimal(11,1) NOT NULL DEFAULT '0.0',
  `UserEXP` int(11) NOT NULL DEFAULT '0',
  PRIMARY KEY (`UserID`)
) ENGINE=InnoDB DEFAULT CHARSET=utf8mb4 COLLATE=utf8mb4_unicode_ci;

-- 테이블 데이터 tester1.members:~3 rows (대략적) 내보내기
/*!40000 ALTER TABLE `members` DISABLE KEYS */;
INSERT INTO `members` (`UserID`, `UserPW`, `UserNicName`, `UserEmail`, `UserLevel`, `SaveProduction`, `UserEXP`) VALUES
	('jtest', 'test', 'winter', 'winter@winter', 1, 15429.3, 0),
	('tester', 'test', 'aaaa', 'fbrkdals', 1, 231756.0, 0),
	('tester1', 'test', 'tester', 'test@test.test', 1, 26310.7, 0);
/*!40000 ALTER TABLE `members` ENABLE KEYS */;

-- 테이블 tester1.outresource 구조 내보내기
DROP TABLE IF EXISTS `outresource`;
CREATE TABLE IF NOT EXISTS `outresource` (
  `LocationID` int(11) NOT NULL,
  `UserID` varchar(20) COLLATE utf8mb4_unicode_ci DEFAULT NULL,
  `Production` int(11) NOT NULL,
  `Kind` int(11) DEFAULT NULL,
  PRIMARY KEY (`LocationID`),
  CONSTRAINT `outresource_xyval_fk` FOREIGN KEY (`LocationID`) REFERENCES `xyval` (`LocationID`)
) ENGINE=InnoDB DEFAULT CHARSET=utf8mb4 COLLATE=utf8mb4_unicode_ci;

-- 테이블 데이터 tester1.outresource:~0 rows (대략적) 내보내기
/*!40000 ALTER TABLE `outresource` DISABLE KEYS */;
INSERT INTO `outresource` (`LocationID`, `UserID`, `Production`, `Kind`) VALUES
	(5, 'tester1', 150, 1);
/*!40000 ALTER TABLE `outresource` ENABLE KEYS */;

-- 테이블 tester1.slot 구조 내보내기
DROP TABLE IF EXISTS `slot`;
CREATE TABLE IF NOT EXISTS `slot` (
  `SlotID` int(11) NOT NULL AUTO_INCREMENT,
  `SlotUID` int(11) DEFAULT NULL,
  `SlotAmount` int(11) NOT NULL DEFAULT '0',
  PRIMARY KEY (`SlotID`),
  KEY `FKslot24470` (`SlotUID`),
  CONSTRAINT `FKslot24470` FOREIGN KEY (`SlotUID`) REFERENCES `unit` (`UnitID`)
) ENGINE=InnoDB AUTO_INCREMENT=11 DEFAULT CHARSET=utf8mb4 COLLATE=utf8mb4_unicode_ci;

-- 테이블 데이터 tester1.slot:~9 rows (대략적) 내보내기
/*!40000 ALTER TABLE `slot` DISABLE KEYS */;
INSERT INTO `slot` (`SlotID`, `SlotUID`, `SlotAmount`) VALUES
	(1, 1, 20),
	(2, 1, 10),
	(3, 1, 20),
	(4, 2, 3),
	(5, 2, 13),
	(6, 3, 24),
	(7, NULL, 0),
	(8, NULL, 0),
	(9, NULL, 0),
	(10, NULL, 0);
/*!40000 ALTER TABLE `slot` ENABLE KEYS */;

-- 테이블 tester1.structures 구조 내보내기
DROP TABLE IF EXISTS `structures`;
CREATE TABLE IF NOT EXISTS `structures` (
  `Name` varchar(20) COLLATE utf8mb4_unicode_ci NOT NULL,
  `Kind` int(11) NOT NULL AUTO_INCREMENT,
  `Values` int(11) NOT NULL,
  `Time` time NOT NULL DEFAULT '00:00:10',
  PRIMARY KEY (`Kind`)
) ENGINE=InnoDB AUTO_INCREMENT=5 DEFAULT CHARSET=utf8mb4 COLLATE=utf8mb4_unicode_ci;

-- 테이블 데이터 tester1.structures:~4 rows (대략적) 내보내기
/*!40000 ALTER TABLE `structures` DISABLE KEYS */;
INSERT INTO `structures` (`Name`, `Kind`, `Values`, `Time`) VALUES
	('회관', 1, 100, '00:00:01'),
	('성벽', 2, 50, '00:00:20'),
	('타워', 3, 50, '00:00:20'),
	('군사기지', 4, 200, '00:00:20');
/*!40000 ALTER TABLE `structures` ENABLE KEYS */;

-- 이벤트 tester1.S_Production_Update 구조 내보내기
DROP EVENT IF EXISTS `S_Production_Update`;
DELIMITER //
CREATE DEFINER=`tester1`@`%` EVENT `S_Production_Update` ON SCHEDULE EVERY 1 SECOND STARTS '2017-08-10 16:13:38' ON COMPLETION NOT PRESERVE ENABLE DO update 
		  members as m join user_all_production as uap on m.UserID=uap.UserID
	 		set m.SaveProduction=m.SaveProduction+(round(uap.Production/1800,1))//
DELIMITER ;

-- 테이블 tester1.unit 구조 내보내기
DROP TABLE IF EXISTS `unit`;
CREATE TABLE IF NOT EXISTS `unit` (
  `UnitID` int(11) NOT NULL AUTO_INCREMENT,
  `Name` varchar(20) COLLATE utf8mb4_unicode_ci NOT NULL,
  `ATK` int(11) NOT NULL,
  `SPD` int(11) NOT NULL,
  `HP` int(11) NOT NULL,
  `EXP` int(11) NOT NULL DEFAULT '5',
  PRIMARY KEY (`UnitID`)
) ENGINE=InnoDB AUTO_INCREMENT=4 DEFAULT CHARSET=utf8mb4 COLLATE=utf8mb4_unicode_ci;

-- 테이블 데이터 tester1.unit:~3 rows (대략적) 내보내기
/*!40000 ALTER TABLE `unit` DISABLE KEYS */;
INSERT INTO `unit` (`UnitID`, `Name`, `ATK`, `SPD`, `HP`, `EXP`) VALUES
	(1, '하급', 5, 5, 5, 5),
	(2, '중급', 10, 10, 10, 10),
	(3, '상급', 20, 20, 20, 20);
/*!40000 ALTER TABLE `unit` ENABLE KEYS */;

-- 테이블 tester1.unitbuild 구조 내보내기
DROP TABLE IF EXISTS `unitbuild`;
CREATE TABLE IF NOT EXISTS `unitbuild` (
  `UnitID` int(11) NOT NULL,
  `BuildTime` time NOT NULL,
  `Values` int(11) NOT NULL,
  PRIMARY KEY (`UnitID`),
  CONSTRAINT `FK_unitbuild_unit` FOREIGN KEY (`UnitID`) REFERENCES `unit` (`UnitID`)
) ENGINE=InnoDB DEFAULT CHARSET=utf8mb4 COLLATE=utf8mb4_unicode_ci;

-- 테이블 데이터 tester1.unitbuild:~2 rows (대략적) 내보내기
/*!40000 ALTER TABLE `unitbuild` DISABLE KEYS */;
INSERT INTO `unitbuild` (`UnitID`, `BuildTime`, `Values`) VALUES
	(1, '00:00:10', 50),
	(2, '00:00:25', 100),
	(3, '00:01:00', 250);
/*!40000 ALTER TABLE `unitbuild` ENABLE KEYS */;

-- 뷰 tester1.user_all_production 구조 내보내기
DROP VIEW IF EXISTS `user_all_production`;
-- VIEW 종속성 오류를 극복하기 위해 임시 테이블을 생성합니다.
CREATE TABLE `user_all_production` (
	`UserID` VARCHAR(20) NOT NULL COLLATE 'utf8mb4_unicode_ci',
	`Production` DECIMAL(33,0) NULL
) ENGINE=MyISAM;

-- 테이블 tester1.waitlist_building 구조 내보내기
DROP TABLE IF EXISTS `waitlist_building`;
CREATE TABLE IF NOT EXISTS `waitlist_building` (
  `WaitTime` datetime NOT NULL,
  `LocationID` int(11) NOT NULL,
  `Kind` int(11) NOT NULL,
  `RoomNumber` int(11) NOT NULL,
  KEY `FK_waitlist_building_castle` (`LocationID`)
) ENGINE=InnoDB DEFAULT CHARSET=utf8mb4 COLLATE=utf8mb4_unicode_ci;

-- 테이블 데이터 tester1.waitlist_building:~0 rows (대략적) 내보내기
/*!40000 ALTER TABLE `waitlist_building` DISABLE KEYS */;
/*!40000 ALTER TABLE `waitlist_building` ENABLE KEYS */;

-- 테이블 tester1.waitlist_unit 구조 내보내기
DROP TABLE IF EXISTS `waitlist_unit`;
CREATE TABLE IF NOT EXISTS `waitlist_unit` (
  `WaitTime` datetime NOT NULL,
  `UnitID` int(11) NOT NULL,
  `LocationID` int(11) NOT NULL,
  `RoomNumber` int(11) NOT NULL,
  `Amount` int(11) NOT NULL,
  KEY `FK_waitlist_unit_castle` (`LocationID`)
) ENGINE=InnoDB DEFAULT CHARSET=utf8mb4 COLLATE=utf8mb4_unicode_ci;

-- 테이블 데이터 tester1.waitlist_unit:~0 rows (대략적) 내보내기
/*!40000 ALTER TABLE `waitlist_unit` DISABLE KEYS */;
/*!40000 ALTER TABLE `waitlist_unit` ENABLE KEYS */;

-- 테이블 tester1.xyval 구조 내보내기
DROP TABLE IF EXISTS `xyval`;
CREATE TABLE IF NOT EXISTS `xyval` (
  `LocationID` int(11) NOT NULL AUTO_INCREMENT,
  `CastleX` int(11) NOT NULL,
  `CastleY` int(11) NOT NULL,
  `Kind` int(11) NOT NULL COMMENT '성,풀,야외자원지 구분',
  PRIMARY KEY (`LocationID`),
  KEY `FKxyval622154` (`LocationID`),
  KEY `FKxyval748416` (`LocationID`)
) ENGINE=InnoDB AUTO_INCREMENT=2502 DEFAULT CHARSET=utf8mb4 COLLATE=utf8mb4_unicode_ci;

-- 테이블 데이터 tester1.xyval:~2,500 rows (대략적) 내보내기
/*!40000 ALTER TABLE `xyval` DISABLE KEYS */;
INSERT INTO `xyval` (`LocationID`, `CastleX`, `CastleY`, `Kind`) VALUES
	(1, 0, 0, 1),
	(2, 0, 1, 1),
	(4, 0, 3, 3),
	(5, 0, 4, 1),
	(6, 0, 5, 1),
	(7, 0, 6, 1),
	(8, 0, 7, 1),
	(9, 0, 8, 1),
	(10, 0, 9, 1),
	(11, 0, 10, 1),
	(12, 0, 11, 1),
	(13, 0, 12, 1),
	(14, 0, 13, 1),
	(15, 0, 14, 1),
	(16, 0, 15, 1),
	(17, 0, 16, 1),
	(18, 0, 17, 1),
	(19, 0, 18, 1),
	(20, 0, 19, 1),
	(21, 0, 20, 1),
	(22, 0, 21, 1),
	(23, 0, 22, 1),
	(24, 0, 23, 1),
	(25, 0, 24, 1),
	(26, 0, 25, 1),
	(27, 0, 26, 1),
	(28, 0, 27, 3),
	(29, 0, 28, 1),
	(30, 0, 29, 1),
	(31, 0, 30, 1),
	(32, 0, 31, 1),
	(33, 0, 32, 1),
	(34, 0, 33, 1),
	(35, 0, 34, 1),
	(36, 0, 35, 1),
	(37, 0, 36, 1),
	(38, 0, 37, 1),
	(39, 0, 38, 1),
	(40, 0, 39, 1),
	(41, 0, 40, 1),
	(42, 0, 41, 1),
	(43, 0, 42, 1),
	(44, 0, 43, 1),
	(45, 0, 44, 1),
	(46, 0, 45, 3),
	(47, 0, 46, 1),
	(48, 0, 47, 1),
	(49, 0, 48, 1),
	(50, 0, 49, 1),
	(51, 1, 0, 1),
	(52, 1, 1, 1),
	(53, 1, 2, 1),
	(54, 1, 3, 1),
	(55, 1, 4, 3),
	(56, 1, 5, 1),
	(57, 1, 6, 1),
	(58, 1, 7, 1),
	(59, 1, 8, 1),
	(60, 1, 9, 1),
	(61, 1, 10, 1),
	(62, 1, 11, 3),
	(63, 1, 12, 1),
	(64, 1, 13, 1),
	(65, 1, 14, 3),
	(66, 1, 15, 1),
	(67, 1, 16, 1),
	(68, 1, 17, 1),
	(69, 1, 18, 1),
	(70, 1, 19, 1),
	(71, 1, 20, 1),
	(72, 1, 21, 1),
	(73, 1, 22, 1),
	(74, 1, 23, 1),
	(75, 1, 24, 1),
	(76, 1, 25, 1),
	(77, 1, 26, 1),
	(78, 1, 27, 1),
	(79, 1, 28, 1),
	(80, 1, 29, 1),
	(81, 1, 30, 1),
	(82, 1, 31, 1),
	(83, 1, 32, 1),
	(84, 1, 33, 1),
	(85, 1, 34, 1),
	(86, 1, 35, 1),
	(87, 1, 36, 1),
	(88, 1, 37, 1),
	(89, 1, 38, 1),
	(90, 1, 39, 1),
	(91, 1, 40, 1),
	(92, 1, 41, 1),
	(93, 1, 42, 1),
	(94, 1, 43, 1),
	(95, 1, 44, 1),
	(96, 1, 45, 1),
	(97, 1, 46, 1),
	(98, 1, 47, 1),
	(99, 1, 48, 1),
	(100, 1, 49, 1),
	(101, 2, 0, 1),
	(102, 2, 1, 1),
	(103, 2, 2, 1),
	(104, 2, 3, 1),
	(105, 2, 4, 1),
	(106, 2, 5, 1),
	(107, 2, 6, 1),
	(108, 2, 7, 1),
	(109, 2, 8, 1),
	(110, 2, 9, 3),
	(111, 2, 10, 1),
	(112, 2, 11, 1),
	(113, 2, 12, 3),
	(114, 2, 13, 1),
	(115, 2, 14, 3),
	(116, 2, 15, 1),
	(117, 2, 16, 3),
	(118, 2, 17, 1),
	(119, 2, 18, 1),
	(120, 2, 19, 1),
	(121, 2, 20, 1),
	(122, 2, 21, 1),
	(123, 2, 22, 1),
	(124, 2, 23, 1),
	(125, 2, 24, 1),
	(126, 2, 25, 3),
	(127, 2, 26, 1),
	(128, 2, 27, 1),
	(129, 2, 28, 1),
	(130, 2, 29, 1),
	(131, 2, 30, 1),
	(132, 2, 31, 1),
	(133, 2, 32, 1),
	(134, 2, 33, 1),
	(135, 2, 34, 1),
	(136, 2, 35, 1),
	(137, 2, 36, 1),
	(138, 2, 37, 1),
	(139, 2, 38, 1),
	(140, 2, 39, 1),
	(141, 2, 40, 1),
	(142, 2, 41, 1),
	(143, 2, 42, 1),
	(144, 2, 43, 1),
	(145, 2, 44, 1),
	(146, 2, 45, 1),
	(147, 2, 46, 1),
	(148, 2, 47, 1),
	(149, 2, 48, 1),
	(150, 2, 49, 1),
	(151, 3, 0, 1),
	(152, 3, 1, 1),
	(153, 3, 2, 1),
	(154, 3, 3, 1),
	(155, 3, 4, 3),
	(156, 3, 5, 1),
	(157, 3, 6, 1),
	(158, 3, 7, 1),
	(159, 3, 8, 1),
	(160, 3, 9, 1),
	(161, 3, 10, 3),
	(162, 3, 11, 1),
	(163, 3, 12, 1),
	(164, 3, 13, 1),
	(165, 3, 14, 1),
	(166, 3, 15, 1),
	(167, 3, 16, 1),
	(168, 3, 17, 1),
	(169, 3, 18, 1),
	(170, 3, 19, 1),
	(171, 3, 20, 1),
	(172, 3, 21, 1),
	(173, 3, 22, 3),
	(174, 3, 23, 1),
	(175, 3, 24, 1),
	(176, 3, 25, 1),
	(177, 3, 26, 1),
	(178, 3, 27, 1),
	(179, 3, 28, 1),
	(180, 3, 29, 1),
	(181, 3, 30, 1),
	(182, 3, 31, 1),
	(183, 3, 32, 1),
	(184, 3, 33, 1),
	(185, 3, 34, 1),
	(186, 3, 35, 1),
	(187, 3, 36, 1),
	(188, 3, 37, 3),
	(189, 3, 38, 1),
	(190, 3, 39, 1),
	(191, 3, 40, 1),
	(192, 3, 41, 1),
	(193, 3, 42, 3),
	(194, 3, 43, 1),
	(195, 3, 44, 1),
	(196, 3, 45, 1),
	(197, 3, 46, 1),
	(198, 3, 47, 1),
	(199, 3, 48, 1),
	(200, 3, 49, 1),
	(201, 4, 0, 1),
	(202, 4, 1, 1),
	(203, 4, 2, 1),
	(204, 4, 3, 1),
	(205, 4, 4, 1),
	(206, 4, 5, 1),
	(207, 4, 6, 1),
	(208, 4, 7, 3),
	(209, 4, 8, 1),
	(210, 4, 9, 1),
	(211, 4, 10, 1),
	(212, 4, 11, 1),
	(213, 4, 12, 1),
	(214, 4, 13, 1),
	(215, 4, 14, 1),
	(216, 4, 15, 1),
	(217, 4, 16, 1),
	(218, 4, 17, 1),
	(219, 4, 18, 1),
	(220, 4, 19, 1),
	(221, 4, 20, 1),
	(222, 4, 21, 1),
	(223, 4, 22, 1),
	(224, 4, 23, 1),
	(225, 4, 24, 1),
	(226, 4, 25, 1),
	(227, 4, 26, 1),
	(228, 4, 27, 1),
	(229, 4, 28, 1),
	(230, 4, 29, 1),
	(231, 4, 30, 1),
	(232, 4, 31, 1),
	(233, 4, 32, 1),
	(234, 4, 33, 1),
	(235, 4, 34, 1),
	(236, 4, 35, 1),
	(237, 4, 36, 1),
	(238, 4, 37, 1),
	(239, 4, 38, 1),
	(240, 4, 39, 1),
	(241, 4, 40, 3),
	(242, 4, 41, 1),
	(243, 4, 42, 1),
	(244, 4, 43, 1),
	(245, 4, 44, 3),
	(246, 4, 45, 1),
	(247, 4, 46, 1),
	(248, 4, 47, 1),
	(249, 4, 48, 1),
	(250, 4, 49, 1),
	(251, 5, 0, 1),
	(252, 5, 1, 1),
	(253, 5, 2, 1),
	(254, 5, 3, 1),
	(255, 5, 4, 1),
	(256, 5, 5, 1),
	(257, 5, 6, 1),
	(258, 5, 7, 1),
	(259, 5, 8, 1),
	(260, 5, 9, 1),
	(261, 5, 10, 1),
	(262, 5, 11, 1),
	(263, 5, 12, 1),
	(264, 5, 13, 1),
	(265, 5, 14, 1),
	(266, 5, 15, 1),
	(267, 5, 16, 1),
	(268, 5, 17, 1),
	(269, 5, 18, 1),
	(270, 5, 19, 1),
	(271, 5, 20, 1),
	(272, 5, 21, 1),
	(273, 5, 22, 1),
	(274, 5, 23, 3),
	(275, 5, 24, 1),
	(276, 5, 25, 1),
	(277, 5, 26, 1),
	(278, 5, 27, 1),
	(279, 5, 28, 1),
	(280, 5, 29, 3),
	(281, 5, 30, 1),
	(282, 5, 31, 1),
	(283, 5, 32, 1),
	(284, 5, 33, 1),
	(285, 5, 34, 1),
	(286, 5, 35, 1),
	(287, 5, 36, 1),
	(288, 5, 37, 1),
	(289, 5, 38, 1),
	(290, 5, 39, 1),
	(291, 5, 40, 1),
	(292, 5, 41, 1),
	(293, 5, 42, 1),
	(294, 5, 43, 1),
	(295, 5, 44, 1),
	(296, 5, 45, 1),
	(297, 5, 46, 1),
	(298, 5, 47, 1),
	(299, 5, 48, 1),
	(300, 5, 49, 1),
	(301, 6, 0, 1),
	(302, 6, 1, 1),
	(303, 6, 2, 1),
	(304, 6, 3, 1),
	(305, 6, 4, 1),
	(306, 6, 5, 1),
	(307, 6, 6, 1),
	(308, 6, 7, 1),
	(309, 6, 8, 1),
	(310, 6, 9, 1),
	(311, 6, 10, 1),
	(312, 6, 11, 1),
	(313, 6, 12, 1),
	(314, 6, 13, 1),
	(315, 6, 14, 1),
	(316, 6, 15, 1),
	(317, 6, 16, 1),
	(318, 6, 17, 1),
	(319, 6, 18, 1),
	(320, 6, 19, 1),
	(321, 6, 20, 1),
	(322, 6, 21, 1),
	(323, 6, 22, 1),
	(324, 6, 23, 1),
	(325, 6, 24, 1),
	(326, 6, 25, 3),
	(327, 6, 26, 1),
	(328, 6, 27, 1),
	(329, 6, 28, 1),
	(330, 6, 29, 1),
	(331, 6, 30, 1),
	(332, 6, 31, 1),
	(333, 6, 32, 1),
	(334, 6, 33, 1),
	(335, 6, 34, 1),
	(336, 6, 35, 1),
	(337, 6, 36, 3),
	(338, 6, 37, 1),
	(339, 6, 38, 1),
	(340, 6, 39, 1),
	(341, 6, 40, 1),
	(342, 6, 41, 1),
	(343, 6, 42, 1),
	(344, 6, 43, 1),
	(345, 6, 44, 1),
	(346, 6, 45, 1),
	(347, 6, 46, 1),
	(348, 6, 47, 1),
	(349, 6, 48, 1),
	(350, 6, 49, 1),
	(351, 7, 0, 1),
	(352, 7, 1, 1),
	(353, 7, 2, 1),
	(354, 7, 3, 1),
	(355, 7, 4, 1),
	(356, 7, 5, 3),
	(357, 7, 6, 1),
	(358, 7, 7, 1),
	(359, 7, 8, 1),
	(360, 7, 9, 1),
	(361, 7, 10, 1),
	(362, 7, 11, 1),
	(363, 7, 12, 1),
	(364, 7, 13, 1),
	(365, 7, 14, 1),
	(366, 7, 15, 1),
	(367, 7, 16, 1),
	(368, 7, 17, 1),
	(369, 7, 18, 1),
	(370, 7, 19, 1),
	(371, 7, 20, 1),
	(372, 7, 21, 3),
	(373, 7, 22, 3),
	(374, 7, 23, 1),
	(375, 7, 24, 1),
	(376, 7, 25, 1),
	(377, 7, 26, 1),
	(378, 7, 27, 1),
	(379, 7, 28, 1),
	(380, 7, 29, 1),
	(381, 7, 30, 3),
	(382, 7, 31, 1),
	(383, 7, 32, 1),
	(384, 7, 33, 1),
	(385, 7, 34, 1),
	(386, 7, 35, 1),
	(387, 7, 36, 1),
	(388, 7, 37, 1),
	(389, 7, 38, 1),
	(390, 7, 39, 1),
	(391, 7, 40, 1),
	(392, 7, 41, 1),
	(393, 7, 42, 1),
	(394, 7, 43, 1),
	(395, 7, 44, 1),
	(396, 7, 45, 1),
	(397, 7, 46, 1),
	(398, 7, 47, 1),
	(399, 7, 48, 1),
	(400, 7, 49, 1),
	(401, 8, 0, 1),
	(402, 8, 1, 1),
	(403, 8, 2, 1),
	(404, 8, 3, 1),
	(405, 8, 4, 1),
	(406, 8, 5, 1),
	(407, 8, 6, 1),
	(408, 8, 7, 1),
	(409, 8, 8, 1),
	(410, 8, 9, 1),
	(411, 8, 10, 1),
	(412, 8, 11, 1),
	(413, 8, 12, 1),
	(414, 8, 13, 1),
	(415, 8, 14, 1),
	(416, 8, 15, 1),
	(417, 8, 16, 1),
	(418, 8, 17, 1),
	(419, 8, 18, 1),
	(420, 8, 19, 1),
	(421, 8, 20, 1),
	(422, 8, 21, 1),
	(423, 8, 22, 1),
	(424, 8, 23, 1),
	(425, 8, 24, 1),
	(426, 8, 25, 1),
	(427, 8, 26, 1),
	(428, 8, 27, 1),
	(429, 8, 28, 1),
	(430, 8, 29, 1),
	(431, 8, 30, 1),
	(432, 8, 31, 1),
	(433, 8, 32, 1),
	(434, 8, 33, 1),
	(435, 8, 34, 1),
	(436, 8, 35, 1),
	(437, 8, 36, 1),
	(438, 8, 37, 1),
	(439, 8, 38, 1),
	(440, 8, 39, 1),
	(441, 8, 40, 1),
	(442, 8, 41, 1),
	(443, 8, 42, 1),
	(444, 8, 43, 1),
	(445, 8, 44, 1),
	(446, 8, 45, 1),
	(447, 8, 46, 1),
	(448, 8, 47, 1),
	(449, 8, 48, 1),
	(450, 8, 49, 1),
	(451, 9, 0, 1),
	(452, 9, 1, 1),
	(453, 9, 2, 1),
	(454, 9, 3, 1),
	(455, 9, 4, 1),
	(456, 9, 5, 1),
	(457, 9, 6, 1),
	(458, 9, 7, 1),
	(459, 9, 8, 1),
	(460, 9, 9, 1),
	(461, 9, 10, 1),
	(462, 9, 11, 1),
	(463, 9, 12, 3),
	(464, 9, 13, 1),
	(465, 9, 14, 1),
	(466, 9, 15, 1),
	(467, 9, 16, 1),
	(468, 9, 17, 1),
	(469, 9, 18, 1),
	(470, 9, 19, 3),
	(471, 9, 20, 1),
	(472, 9, 21, 1),
	(473, 9, 22, 1),
	(474, 9, 23, 1),
	(475, 9, 24, 1),
	(476, 9, 25, 1),
	(477, 9, 26, 1),
	(478, 9, 27, 1),
	(479, 9, 28, 1),
	(480, 9, 29, 1),
	(481, 9, 30, 1),
	(482, 9, 31, 1),
	(483, 9, 32, 1),
	(484, 9, 33, 1),
	(485, 9, 34, 1),
	(486, 9, 35, 1),
	(487, 9, 36, 1),
	(488, 9, 37, 1),
	(489, 9, 38, 1),
	(490, 9, 39, 1),
	(491, 9, 40, 1),
	(492, 9, 41, 1),
	(493, 9, 42, 1),
	(494, 9, 43, 1),
	(495, 9, 44, 1),
	(496, 9, 45, 1),
	(497, 9, 46, 1),
	(498, 9, 47, 1),
	(499, 9, 48, 1),
	(500, 9, 49, 1),
	(501, 10, 0, 1),
	(502, 10, 1, 1),
	(503, 10, 2, 1),
	(504, 10, 3, 1),
	(505, 10, 4, 1),
	(506, 10, 5, 1),
	(507, 10, 6, 1),
	(508, 10, 7, 1),
	(509, 10, 8, 1),
	(510, 10, 9, 1),
	(511, 10, 10, 1),
	(512, 10, 11, 1),
	(513, 10, 12, 1),
	(514, 10, 13, 1),
	(515, 10, 14, 1),
	(516, 10, 15, 1),
	(517, 10, 16, 1),
	(518, 10, 17, 1),
	(519, 10, 18, 1),
	(520, 10, 19, 1),
	(521, 10, 20, 1),
	(522, 10, 21, 1),
	(523, 10, 22, 1),
	(524, 10, 23, 1),
	(525, 10, 24, 1),
	(526, 10, 25, 1),
	(527, 10, 26, 1),
	(528, 10, 27, 1),
	(529, 10, 28, 1),
	(530, 10, 29, 1),
	(531, 10, 30, 3),
	(532, 10, 31, 1),
	(533, 10, 32, 1),
	(534, 10, 33, 1),
	(535, 10, 34, 1),
	(536, 10, 35, 1),
	(537, 10, 36, 1),
	(538, 10, 37, 1),
	(539, 10, 38, 1),
	(540, 10, 39, 1),
	(541, 10, 40, 1),
	(542, 10, 41, 1),
	(543, 10, 42, 1),
	(544, 10, 43, 1),
	(545, 10, 44, 1),
	(546, 10, 45, 1),
	(547, 10, 46, 1),
	(548, 10, 47, 1),
	(549, 10, 48, 1),
	(550, 10, 49, 1),
	(551, 11, 0, 1),
	(552, 11, 1, 1),
	(553, 11, 2, 1),
	(554, 11, 3, 1),
	(555, 11, 4, 1),
	(556, 11, 5, 1),
	(557, 11, 6, 1),
	(558, 11, 7, 1),
	(559, 11, 8, 1),
	(560, 11, 9, 1),
	(561, 11, 10, 1),
	(562, 11, 11, 3),
	(563, 11, 12, 1),
	(564, 11, 13, 1),
	(565, 11, 14, 1),
	(566, 11, 15, 1),
	(567, 11, 16, 1),
	(568, 11, 17, 1),
	(569, 11, 18, 1),
	(570, 11, 19, 1),
	(571, 11, 20, 1),
	(572, 11, 21, 1),
	(573, 11, 22, 1),
	(574, 11, 23, 1),
	(575, 11, 24, 1),
	(576, 11, 25, 1),
	(577, 11, 26, 1),
	(578, 11, 27, 1),
	(579, 11, 28, 1),
	(580, 11, 29, 1),
	(581, 11, 30, 1),
	(582, 11, 31, 1),
	(583, 11, 32, 3),
	(584, 11, 33, 1),
	(585, 11, 34, 1),
	(586, 11, 35, 1),
	(587, 11, 36, 1),
	(588, 11, 37, 1),
	(589, 11, 38, 1),
	(590, 11, 39, 1),
	(591, 11, 40, 1),
	(592, 11, 41, 1),
	(593, 11, 42, 1),
	(594, 11, 43, 1),
	(595, 11, 44, 1),
	(596, 11, 45, 1),
	(597, 11, 46, 1),
	(598, 11, 47, 3),
	(599, 11, 48, 3),
	(600, 11, 49, 1),
	(601, 12, 0, 1),
	(602, 12, 1, 1),
	(603, 12, 2, 1),
	(604, 12, 3, 1),
	(605, 12, 4, 1),
	(606, 12, 5, 1),
	(607, 12, 6, 1),
	(608, 12, 7, 1),
	(609, 12, 8, 1),
	(610, 12, 9, 1),
	(611, 12, 10, 1),
	(612, 12, 11, 1),
	(613, 12, 12, 1),
	(614, 12, 13, 1),
	(615, 12, 14, 1),
	(616, 12, 15, 1),
	(617, 12, 16, 3),
	(618, 12, 17, 1),
	(619, 12, 18, 1),
	(620, 12, 19, 1),
	(621, 12, 20, 1),
	(622, 12, 21, 1),
	(623, 12, 22, 1),
	(624, 12, 23, 1),
	(625, 12, 24, 1),
	(626, 12, 25, 1),
	(627, 12, 26, 1),
	(628, 12, 27, 1),
	(629, 12, 28, 1),
	(630, 12, 29, 1),
	(631, 12, 30, 1),
	(632, 12, 31, 3),
	(633, 12, 32, 1),
	(634, 12, 33, 1),
	(635, 12, 34, 1),
	(636, 12, 35, 1),
	(637, 12, 36, 3),
	(638, 12, 37, 1),
	(639, 12, 38, 1),
	(640, 12, 39, 1),
	(641, 12, 40, 1),
	(642, 12, 41, 3),
	(643, 12, 42, 1),
	(644, 12, 43, 1),
	(645, 12, 44, 1),
	(646, 12, 45, 1),
	(647, 12, 46, 1),
	(648, 12, 47, 1),
	(649, 12, 48, 1),
	(650, 12, 49, 1),
	(651, 13, 0, 1),
	(652, 13, 1, 1),
	(653, 13, 2, 1),
	(654, 13, 3, 1),
	(655, 13, 4, 1),
	(656, 13, 5, 1),
	(657, 13, 6, 1),
	(658, 13, 7, 1),
	(659, 13, 8, 1),
	(660, 13, 9, 1),
	(661, 13, 10, 1),
	(662, 13, 11, 1),
	(663, 13, 12, 1),
	(664, 13, 13, 1),
	(665, 13, 14, 1),
	(666, 13, 15, 1),
	(667, 13, 16, 1),
	(668, 13, 17, 1),
	(669, 13, 18, 1),
	(670, 13, 19, 1),
	(671, 13, 20, 1),
	(672, 13, 21, 1),
	(673, 13, 22, 1),
	(674, 13, 23, 1),
	(675, 13, 24, 1),
	(676, 13, 25, 1),
	(677, 13, 26, 1),
	(678, 13, 27, 1),
	(679, 13, 28, 1),
	(680, 13, 29, 1),
	(681, 13, 30, 1),
	(682, 13, 31, 1),
	(683, 13, 32, 1),
	(684, 13, 33, 1),
	(685, 13, 34, 3),
	(686, 13, 35, 1),
	(687, 13, 36, 1),
	(688, 13, 37, 1),
	(689, 13, 38, 1),
	(690, 13, 39, 1),
	(691, 13, 40, 1),
	(692, 13, 41, 1),
	(693, 13, 42, 1),
	(694, 13, 43, 1),
	(695, 13, 44, 1),
	(696, 13, 45, 1),
	(697, 13, 46, 1),
	(698, 13, 47, 3),
	(699, 13, 48, 1),
	(700, 13, 49, 1),
	(701, 14, 0, 1),
	(702, 14, 1, 1),
	(703, 14, 2, 1),
	(704, 14, 3, 1),
	(705, 14, 4, 1),
	(706, 14, 5, 1),
	(707, 14, 6, 1),
	(708, 14, 7, 1),
	(709, 14, 8, 1),
	(710, 14, 9, 1),
	(711, 14, 10, 1),
	(712, 14, 11, 1),
	(713, 14, 12, 1),
	(714, 14, 13, 1),
	(715, 14, 14, 1),
	(716, 14, 15, 1),
	(717, 14, 16, 1),
	(718, 14, 17, 1),
	(719, 14, 18, 1),
	(720, 14, 19, 1),
	(721, 14, 20, 1),
	(722, 14, 21, 1),
	(723, 14, 22, 1),
	(724, 14, 23, 1),
	(725, 14, 24, 1),
	(726, 14, 25, 1),
	(727, 14, 26, 1),
	(728, 14, 27, 1),
	(729, 14, 28, 1),
	(730, 14, 29, 3),
	(731, 14, 30, 1),
	(732, 14, 31, 1),
	(733, 14, 32, 1),
	(734, 14, 33, 1),
	(735, 14, 34, 1),
	(736, 14, 35, 1),
	(737, 14, 36, 1),
	(738, 14, 37, 1),
	(739, 14, 38, 1),
	(740, 14, 39, 1),
	(741, 14, 40, 1),
	(742, 14, 41, 1),
	(743, 14, 42, 1),
	(744, 14, 43, 1),
	(745, 14, 44, 1),
	(746, 14, 45, 1),
	(747, 14, 46, 1),
	(748, 14, 47, 1),
	(749, 14, 48, 1),
	(750, 14, 49, 1),
	(751, 15, 0, 1),
	(752, 15, 1, 1),
	(753, 15, 2, 1),
	(754, 15, 3, 1),
	(755, 15, 4, 1),
	(756, 15, 5, 1),
	(757, 15, 6, 1),
	(758, 15, 7, 1),
	(759, 15, 8, 1),
	(760, 15, 9, 1),
	(761, 15, 10, 1),
	(762, 15, 11, 1),
	(763, 15, 12, 1),
	(764, 15, 13, 1),
	(765, 15, 14, 1),
	(766, 15, 15, 1),
	(767, 15, 16, 1),
	(768, 15, 17, 1),
	(769, 15, 18, 1),
	(770, 15, 19, 1),
	(771, 15, 20, 1),
	(772, 15, 21, 1),
	(773, 15, 22, 1),
	(774, 15, 23, 1),
	(775, 15, 24, 3),
	(776, 15, 25, 1),
	(777, 15, 26, 1),
	(778, 15, 27, 1),
	(779, 15, 28, 1),
	(780, 15, 29, 3),
	(781, 15, 30, 1),
	(782, 15, 31, 1),
	(783, 15, 32, 1),
	(784, 15, 33, 1),
	(785, 15, 34, 1),
	(786, 15, 35, 1),
	(787, 15, 36, 1),
	(788, 15, 37, 1),
	(789, 15, 38, 1),
	(790, 15, 39, 1),
	(791, 15, 40, 1),
	(792, 15, 41, 1),
	(793, 15, 42, 1),
	(794, 15, 43, 1),
	(795, 15, 44, 1),
	(796, 15, 45, 1),
	(797, 15, 46, 1),
	(798, 15, 47, 1),
	(799, 15, 48, 1),
	(800, 15, 49, 1),
	(801, 16, 0, 1),
	(802, 16, 1, 1),
	(803, 16, 2, 1),
	(804, 16, 3, 1),
	(805, 16, 4, 1),
	(806, 16, 5, 1),
	(807, 16, 6, 1),
	(808, 16, 7, 1),
	(809, 16, 8, 1),
	(810, 16, 9, 3),
	(811, 16, 10, 1),
	(812, 16, 11, 1),
	(813, 16, 12, 1),
	(814, 16, 13, 3),
	(815, 16, 14, 1),
	(816, 16, 15, 1),
	(817, 16, 16, 1),
	(818, 16, 17, 1),
	(819, 16, 18, 1),
	(820, 16, 19, 1),
	(821, 16, 20, 1),
	(822, 16, 21, 1),
	(823, 16, 22, 1),
	(824, 16, 23, 1),
	(825, 16, 24, 1),
	(826, 16, 25, 1),
	(827, 16, 26, 1),
	(828, 16, 27, 1),
	(829, 16, 28, 1),
	(830, 16, 29, 1),
	(831, 16, 30, 1),
	(832, 16, 31, 1),
	(833, 16, 32, 1),
	(834, 16, 33, 1),
	(835, 16, 34, 3),
	(836, 16, 35, 1),
	(837, 16, 36, 1),
	(838, 16, 37, 1),
	(839, 16, 38, 1),
	(840, 16, 39, 1),
	(841, 16, 40, 1),
	(842, 16, 41, 1),
	(843, 16, 42, 1),
	(844, 16, 43, 1),
	(845, 16, 44, 1),
	(846, 16, 45, 1),
	(847, 16, 46, 1),
	(848, 16, 47, 1),
	(849, 16, 48, 1),
	(850, 16, 49, 1),
	(851, 17, 0, 1),
	(852, 17, 1, 1),
	(853, 17, 2, 1),
	(854, 17, 3, 1),
	(855, 17, 4, 1),
	(856, 17, 5, 1),
	(857, 17, 6, 1),
	(858, 17, 7, 1),
	(859, 17, 8, 1),
	(860, 17, 9, 1),
	(861, 17, 10, 1),
	(862, 17, 11, 1),
	(863, 17, 12, 1),
	(864, 17, 13, 1),
	(865, 17, 14, 3),
	(866, 17, 15, 1),
	(867, 17, 16, 1),
	(868, 17, 17, 1),
	(869, 17, 18, 1),
	(870, 17, 19, 1),
	(871, 17, 20, 1),
	(872, 17, 21, 1),
	(873, 17, 22, 1),
	(874, 17, 23, 1),
	(875, 17, 24, 1),
	(876, 17, 25, 1),
	(877, 17, 26, 1),
	(878, 17, 27, 1),
	(879, 17, 28, 1),
	(880, 17, 29, 1),
	(881, 17, 30, 1),
	(882, 17, 31, 1),
	(883, 17, 32, 1),
	(884, 17, 33, 1),
	(885, 17, 34, 1),
	(886, 17, 35, 1),
	(887, 17, 36, 1),
	(888, 17, 37, 1),
	(889, 17, 38, 1),
	(890, 17, 39, 1),
	(891, 17, 40, 1),
	(892, 17, 41, 1),
	(893, 17, 42, 1),
	(894, 17, 43, 1),
	(895, 17, 44, 1),
	(896, 17, 45, 1),
	(897, 17, 46, 1),
	(898, 17, 47, 1),
	(899, 17, 48, 1),
	(900, 17, 49, 1),
	(901, 18, 0, 1),
	(902, 18, 1, 1),
	(903, 18, 2, 1),
	(904, 18, 3, 1),
	(905, 18, 4, 1),
	(906, 18, 5, 1),
	(907, 18, 6, 1),
	(908, 18, 7, 1),
	(909, 18, 8, 1),
	(910, 18, 9, 1),
	(911, 18, 10, 1),
	(912, 18, 11, 1),
	(913, 18, 12, 1),
	(914, 18, 13, 1),
	(915, 18, 14, 1),
	(916, 18, 15, 1),
	(917, 18, 16, 1),
	(918, 18, 17, 1),
	(919, 18, 18, 1),
	(920, 18, 19, 1),
	(921, 18, 20, 1),
	(922, 18, 21, 1),
	(923, 18, 22, 1),
	(924, 18, 23, 1),
	(925, 18, 24, 1),
	(926, 18, 25, 1),
	(927, 18, 26, 1),
	(928, 18, 27, 1),
	(929, 18, 28, 1),
	(930, 18, 29, 1),
	(931, 18, 30, 1),
	(932, 18, 31, 1),
	(933, 18, 32, 1),
	(934, 18, 33, 1),
	(935, 18, 34, 1),
	(936, 18, 35, 1),
	(937, 18, 36, 1),
	(938, 18, 37, 1),
	(939, 18, 38, 1),
	(940, 18, 39, 1),
	(941, 18, 40, 1),
	(942, 18, 41, 1),
	(943, 18, 42, 1),
	(944, 18, 43, 1),
	(945, 18, 44, 1),
	(946, 18, 45, 1),
	(947, 18, 46, 1),
	(948, 18, 47, 1),
	(949, 18, 48, 3),
	(950, 18, 49, 3),
	(951, 19, 0, 1),
	(952, 19, 1, 1),
	(953, 19, 2, 3),
	(954, 19, 3, 1),
	(955, 19, 4, 1),
	(956, 19, 5, 1),
	(957, 19, 6, 1),
	(958, 19, 7, 1),
	(959, 19, 8, 3),
	(960, 19, 9, 1),
	(961, 19, 10, 1),
	(962, 19, 11, 1),
	(963, 19, 12, 1),
	(964, 19, 13, 1),
	(965, 19, 14, 1),
	(966, 19, 15, 3),
	(967, 19, 16, 1),
	(968, 19, 17, 1),
	(969, 19, 18, 1),
	(970, 19, 19, 1),
	(971, 19, 20, 1),
	(972, 19, 21, 1),
	(973, 19, 22, 1),
	(974, 19, 23, 1),
	(975, 19, 24, 1),
	(976, 19, 25, 1),
	(977, 19, 26, 1),
	(978, 19, 27, 1),
	(979, 19, 28, 3),
	(980, 19, 29, 1),
	(981, 19, 30, 1),
	(982, 19, 31, 1),
	(983, 19, 32, 1),
	(984, 19, 33, 1),
	(985, 19, 34, 1),
	(986, 19, 35, 1),
	(987, 19, 36, 1),
	(988, 19, 37, 1),
	(989, 19, 38, 3),
	(990, 19, 39, 1),
	(991, 19, 40, 3),
	(992, 19, 41, 1),
	(993, 19, 42, 3),
	(994, 19, 43, 1),
	(995, 19, 44, 1),
	(996, 19, 45, 1),
	(997, 19, 46, 1),
	(998, 19, 47, 1),
	(999, 19, 48, 1),
	(1000, 19, 49, 1),
	(1001, 20, 0, 1),
	(1002, 20, 1, 3),
	(1003, 20, 2, 1),
	(1004, 20, 3, 1),
	(1005, 20, 4, 1),
	(1006, 20, 5, 1),
	(1007, 20, 6, 1),
	(1008, 20, 7, 1),
	(1009, 20, 8, 1),
	(1010, 20, 9, 3),
	(1011, 20, 10, 1),
	(1012, 20, 11, 1),
	(1013, 20, 12, 1),
	(1014, 20, 13, 1),
	(1015, 20, 14, 1),
	(1016, 20, 15, 1),
	(1017, 20, 16, 1),
	(1018, 20, 17, 1),
	(1019, 20, 18, 1),
	(1020, 20, 19, 1),
	(1021, 20, 20, 1),
	(1022, 20, 21, 1),
	(1023, 20, 22, 1),
	(1024, 20, 23, 1),
	(1025, 20, 24, 1),
	(1026, 20, 25, 1),
	(1027, 20, 26, 1),
	(1028, 20, 27, 1),
	(1029, 20, 28, 1),
	(1030, 20, 29, 1),
	(1031, 20, 30, 1),
	(1032, 20, 31, 1),
	(1033, 20, 32, 1),
	(1034, 20, 33, 3),
	(1035, 20, 34, 1),
	(1036, 20, 35, 1),
	(1037, 20, 36, 1),
	(1038, 20, 37, 1),
	(1039, 20, 38, 1),
	(1040, 20, 39, 1),
	(1041, 20, 40, 1),
	(1042, 20, 41, 1),
	(1043, 20, 42, 1),
	(1044, 20, 43, 1),
	(1045, 20, 44, 1),
	(1046, 20, 45, 1),
	(1047, 20, 46, 1),
	(1048, 20, 47, 1),
	(1049, 20, 48, 1),
	(1050, 20, 49, 1),
	(1051, 21, 0, 1),
	(1052, 21, 1, 1),
	(1053, 21, 2, 1),
	(1054, 21, 3, 1),
	(1055, 21, 4, 1),
	(1056, 21, 5, 1),
	(1057, 21, 6, 1),
	(1058, 21, 7, 1),
	(1059, 21, 8, 1),
	(1060, 21, 9, 1),
	(1061, 21, 10, 1),
	(1062, 21, 11, 3),
	(1063, 21, 12, 1),
	(1064, 21, 13, 1),
	(1065, 21, 14, 1),
	(1066, 21, 15, 1),
	(1067, 21, 16, 1),
	(1068, 21, 17, 3),
	(1069, 21, 18, 1),
	(1070, 21, 19, 1),
	(1071, 21, 20, 1),
	(1072, 21, 21, 1),
	(1073, 21, 22, 1),
	(1074, 21, 23, 1),
	(1075, 21, 24, 1),
	(1076, 21, 25, 1),
	(1077, 21, 26, 1),
	(1078, 21, 27, 1),
	(1079, 21, 28, 1),
	(1080, 21, 29, 1),
	(1081, 21, 30, 1),
	(1082, 21, 31, 1),
	(1083, 21, 32, 1),
	(1084, 21, 33, 1),
	(1085, 21, 34, 1),
	(1086, 21, 35, 1),
	(1087, 21, 36, 1),
	(1088, 21, 37, 1),
	(1089, 21, 38, 1),
	(1090, 21, 39, 1),
	(1091, 21, 40, 1),
	(1092, 21, 41, 1),
	(1093, 21, 42, 1),
	(1094, 21, 43, 1),
	(1095, 21, 44, 1),
	(1096, 21, 45, 1),
	(1097, 21, 46, 3),
	(1098, 21, 47, 1),
	(1099, 21, 48, 1),
	(1100, 21, 49, 1),
	(1101, 22, 0, 1),
	(1102, 22, 1, 1),
	(1103, 22, 2, 1),
	(1104, 22, 3, 1),
	(1105, 22, 4, 1),
	(1106, 22, 5, 1),
	(1107, 22, 6, 1),
	(1108, 22, 7, 1),
	(1109, 22, 8, 1),
	(1110, 22, 9, 1),
	(1111, 22, 10, 1),
	(1112, 22, 11, 1),
	(1113, 22, 12, 1),
	(1114, 22, 13, 1),
	(1115, 22, 14, 1),
	(1116, 22, 15, 1),
	(1117, 22, 16, 1),
	(1118, 22, 17, 1),
	(1119, 22, 18, 1),
	(1120, 22, 19, 1),
	(1121, 22, 20, 1),
	(1122, 22, 21, 3),
	(1123, 22, 22, 1),
	(1124, 22, 23, 1),
	(1125, 22, 24, 1),
	(1126, 22, 25, 1),
	(1127, 22, 26, 1),
	(1128, 22, 27, 1),
	(1129, 22, 28, 1),
	(1130, 22, 29, 1),
	(1131, 22, 30, 1),
	(1132, 22, 31, 1),
	(1133, 22, 32, 1),
	(1134, 22, 33, 1),
	(1135, 22, 34, 1),
	(1136, 22, 35, 1),
	(1137, 22, 36, 1),
	(1138, 22, 37, 1),
	(1139, 22, 38, 1),
	(1140, 22, 39, 1),
	(1141, 22, 40, 1),
	(1142, 22, 41, 1),
	(1143, 22, 42, 3),
	(1144, 22, 43, 1),
	(1145, 22, 44, 1),
	(1146, 22, 45, 1),
	(1147, 22, 46, 1),
	(1148, 22, 47, 1),
	(1149, 22, 48, 1),
	(1150, 22, 49, 1),
	(1151, 23, 0, 3),
	(1152, 23, 1, 1),
	(1153, 23, 2, 1),
	(1154, 23, 3, 1),
	(1155, 23, 4, 1),
	(1156, 23, 5, 1),
	(1157, 23, 6, 1),
	(1158, 23, 7, 1),
	(1159, 23, 8, 1),
	(1160, 23, 9, 1),
	(1161, 23, 10, 1),
	(1162, 23, 11, 1),
	(1163, 23, 12, 1),
	(1164, 23, 13, 1),
	(1165, 23, 14, 1),
	(1166, 23, 15, 1),
	(1167, 23, 16, 1),
	(1168, 23, 17, 1),
	(1169, 23, 18, 1),
	(1170, 23, 19, 1),
	(1171, 23, 20, 1),
	(1172, 23, 21, 1),
	(1173, 23, 22, 1),
	(1174, 23, 23, 1),
	(1175, 23, 24, 1),
	(1176, 23, 25, 3),
	(1177, 23, 26, 1),
	(1178, 23, 27, 1),
	(1179, 23, 28, 1),
	(1180, 23, 29, 1),
	(1181, 23, 30, 1),
	(1182, 23, 31, 1),
	(1183, 23, 32, 1),
	(1184, 23, 33, 1),
	(1185, 23, 34, 1),
	(1186, 23, 35, 1),
	(1187, 23, 36, 1),
	(1188, 23, 37, 1),
	(1189, 23, 38, 1),
	(1190, 23, 39, 1),
	(1191, 23, 40, 1),
	(1192, 23, 41, 1),
	(1193, 23, 42, 1),
	(1194, 23, 43, 1),
	(1195, 23, 44, 1),
	(1196, 23, 45, 1),
	(1197, 23, 46, 1),
	(1198, 23, 47, 1),
	(1199, 23, 48, 1),
	(1200, 23, 49, 1),
	(1201, 24, 0, 1),
	(1202, 24, 1, 1),
	(1203, 24, 2, 1),
	(1204, 24, 3, 1),
	(1205, 24, 4, 1),
	(1206, 24, 5, 1),
	(1207, 24, 6, 1),
	(1208, 24, 7, 1),
	(1209, 24, 8, 1),
	(1210, 24, 9, 1),
	(1211, 24, 10, 1),
	(1212, 24, 11, 1),
	(1213, 24, 12, 1),
	(1214, 24, 13, 1),
	(1215, 24, 14, 1),
	(1216, 24, 15, 1),
	(1217, 24, 16, 1),
	(1218, 24, 17, 1),
	(1219, 24, 18, 1),
	(1220, 24, 19, 3),
	(1221, 24, 20, 1),
	(1222, 24, 21, 1),
	(1223, 24, 22, 1),
	(1224, 24, 23, 3),
	(1225, 24, 24, 1),
	(1226, 24, 25, 1),
	(1227, 24, 26, 1),
	(1228, 24, 27, 1),
	(1229, 24, 28, 1),
	(1230, 24, 29, 1),
	(1231, 24, 30, 3),
	(1232, 24, 31, 1),
	(1233, 24, 32, 1),
	(1234, 24, 33, 1),
	(1235, 24, 34, 1),
	(1236, 24, 35, 1),
	(1237, 24, 36, 3),
	(1238, 24, 37, 1),
	(1239, 24, 38, 1),
	(1240, 24, 39, 1),
	(1241, 24, 40, 1),
	(1242, 24, 41, 1),
	(1243, 24, 42, 1),
	(1244, 24, 43, 1),
	(1245, 24, 44, 1),
	(1246, 24, 45, 1),
	(1247, 24, 46, 1),
	(1248, 24, 47, 1),
	(1249, 24, 48, 1),
	(1250, 24, 49, 1),
	(1251, 25, 0, 1),
	(1252, 25, 1, 1),
	(1253, 25, 2, 1),
	(1254, 25, 3, 1),
	(1255, 25, 4, 1),
	(1256, 25, 5, 1),
	(1257, 25, 6, 1),
	(1258, 25, 7, 1),
	(1259, 25, 8, 1),
	(1260, 25, 9, 1),
	(1261, 25, 10, 1),
	(1262, 25, 11, 1),
	(1263, 25, 12, 1),
	(1264, 25, 13, 1),
	(1265, 25, 14, 1),
	(1266, 25, 15, 1),
	(1267, 25, 16, 1),
	(1268, 25, 17, 1),
	(1269, 25, 18, 1),
	(1270, 25, 19, 3),
	(1271, 25, 20, 1),
	(1272, 25, 21, 1),
	(1273, 25, 22, 1),
	(1274, 25, 23, 1),
	(1275, 25, 24, 1),
	(1276, 25, 25, 1),
	(1277, 25, 26, 1),
	(1278, 25, 27, 1),
	(1279, 25, 28, 1),
	(1280, 25, 29, 1),
	(1281, 25, 30, 1),
	(1282, 25, 31, 1),
	(1283, 25, 32, 1),
	(1284, 25, 33, 1),
	(1285, 25, 34, 1),
	(1286, 25, 35, 1),
	(1287, 25, 36, 1),
	(1288, 25, 37, 1),
	(1289, 25, 38, 1),
	(1290, 25, 39, 1),
	(1291, 25, 40, 1),
	(1292, 25, 41, 1),
	(1293, 25, 42, 1),
	(1294, 25, 43, 1),
	(1295, 25, 44, 1),
	(1296, 25, 45, 1),
	(1297, 25, 46, 1),
	(1298, 25, 47, 1),
	(1299, 25, 48, 1),
	(1300, 25, 49, 1),
	(1301, 26, 0, 1),
	(1302, 26, 1, 1),
	(1303, 26, 2, 1),
	(1304, 26, 3, 1),
	(1305, 26, 4, 1),
	(1306, 26, 5, 1),
	(1307, 26, 6, 1),
	(1308, 26, 7, 1),
	(1309, 26, 8, 1),
	(1310, 26, 9, 3),
	(1311, 26, 10, 3),
	(1312, 26, 11, 1),
	(1313, 26, 12, 1),
	(1314, 26, 13, 3),
	(1315, 26, 14, 1),
	(1316, 26, 15, 1),
	(1317, 26, 16, 1),
	(1318, 26, 17, 1),
	(1319, 26, 18, 1),
	(1320, 26, 19, 1),
	(1321, 26, 20, 1),
	(1322, 26, 21, 1),
	(1323, 26, 22, 1),
	(1324, 26, 23, 1),
	(1325, 26, 24, 1),
	(1326, 26, 25, 1),
	(1327, 26, 26, 1),
	(1328, 26, 27, 1),
	(1329, 26, 28, 1),
	(1330, 26, 29, 1),
	(1331, 26, 30, 1),
	(1332, 26, 31, 1),
	(1333, 26, 32, 1),
	(1334, 26, 33, 1),
	(1335, 26, 34, 1),
	(1336, 26, 35, 1),
	(1337, 26, 36, 1),
	(1338, 26, 37, 1),
	(1339, 26, 38, 1),
	(1340, 26, 39, 1),
	(1341, 26, 40, 1),
	(1342, 26, 41, 1),
	(1343, 26, 42, 1),
	(1344, 26, 43, 1),
	(1345, 26, 44, 1),
	(1346, 26, 45, 1),
	(1347, 26, 46, 1),
	(1348, 26, 47, 1),
	(1349, 26, 48, 1),
	(1350, 26, 49, 1),
	(1351, 27, 0, 1),
	(1352, 27, 1, 1),
	(1353, 27, 2, 1),
	(1354, 27, 3, 1),
	(1355, 27, 4, 1),
	(1356, 27, 5, 1),
	(1357, 27, 6, 1),
	(1358, 27, 7, 1),
	(1359, 27, 8, 3),
	(1360, 27, 9, 1),
	(1361, 27, 10, 1),
	(1362, 27, 11, 1),
	(1363, 27, 12, 1),
	(1364, 27, 13, 1),
	(1365, 27, 14, 1),
	(1366, 27, 15, 1),
	(1367, 27, 16, 1),
	(1368, 27, 17, 1),
	(1369, 27, 18, 1),
	(1370, 27, 19, 1),
	(1371, 27, 20, 1),
	(1372, 27, 21, 1),
	(1373, 27, 22, 1),
	(1374, 27, 23, 1),
	(1375, 27, 24, 1),
	(1376, 27, 25, 1),
	(1377, 27, 26, 1),
	(1378, 27, 27, 1),
	(1379, 27, 28, 1),
	(1380, 27, 29, 1),
	(1381, 27, 30, 1),
	(1382, 27, 31, 1),
	(1383, 27, 32, 1),
	(1384, 27, 33, 1),
	(1385, 27, 34, 1),
	(1386, 27, 35, 1),
	(1387, 27, 36, 1),
	(1388, 27, 37, 1),
	(1389, 27, 38, 1),
	(1390, 27, 39, 1),
	(1391, 27, 40, 1),
	(1392, 27, 41, 1),
	(1393, 27, 42, 1),
	(1394, 27, 43, 1),
	(1395, 27, 44, 1),
	(1396, 27, 45, 1),
	(1397, 27, 46, 1),
	(1398, 27, 47, 1),
	(1399, 27, 48, 1),
	(1400, 27, 49, 1),
	(1401, 28, 0, 1),
	(1402, 28, 1, 1),
	(1403, 28, 2, 1),
	(1404, 28, 3, 1),
	(1405, 28, 4, 1),
	(1406, 28, 5, 1),
	(1407, 28, 6, 1),
	(1408, 28, 7, 1),
	(1409, 28, 8, 1),
	(1410, 28, 9, 1),
	(1411, 28, 10, 1),
	(1412, 28, 11, 1),
	(1413, 28, 12, 1),
	(1414, 28, 13, 1),
	(1415, 28, 14, 1),
	(1416, 28, 15, 1),
	(1417, 28, 16, 1),
	(1418, 28, 17, 1),
	(1419, 28, 18, 1),
	(1420, 28, 19, 1),
	(1421, 28, 20, 1),
	(1422, 28, 21, 1),
	(1423, 28, 22, 1),
	(1424, 28, 23, 1),
	(1425, 28, 24, 1),
	(1426, 28, 25, 1),
	(1427, 28, 26, 1),
	(1428, 28, 27, 1),
	(1429, 28, 28, 1),
	(1430, 28, 29, 1),
	(1431, 28, 30, 1),
	(1432, 28, 31, 1),
	(1433, 28, 32, 1),
	(1434, 28, 33, 1),
	(1435, 28, 34, 1),
	(1436, 28, 35, 1),
	(1437, 28, 36, 1),
	(1438, 28, 37, 1),
	(1439, 28, 38, 1),
	(1440, 28, 39, 1),
	(1441, 28, 40, 1),
	(1442, 28, 41, 1),
	(1443, 28, 42, 1),
	(1444, 28, 43, 1),
	(1445, 28, 44, 1),
	(1446, 28, 45, 1),
	(1447, 28, 46, 1),
	(1448, 28, 47, 1),
	(1449, 28, 48, 1),
	(1450, 28, 49, 1),
	(1451, 29, 0, 1),
	(1452, 29, 1, 1),
	(1453, 29, 2, 1),
	(1454, 29, 3, 1),
	(1455, 29, 4, 1),
	(1456, 29, 5, 1),
	(1457, 29, 6, 1),
	(1458, 29, 7, 1),
	(1459, 29, 8, 1),
	(1460, 29, 9, 1),
	(1461, 29, 10, 1),
	(1462, 29, 11, 1),
	(1463, 29, 12, 1),
	(1464, 29, 13, 1),
	(1465, 29, 14, 1),
	(1466, 29, 15, 1),
	(1467, 29, 16, 3),
	(1468, 29, 17, 1),
	(1469, 29, 18, 1),
	(1470, 29, 19, 1),
	(1471, 29, 20, 1),
	(1472, 29, 21, 1),
	(1473, 29, 22, 1),
	(1474, 29, 23, 1),
	(1475, 29, 24, 1),
	(1476, 29, 25, 1),
	(1477, 29, 26, 1),
	(1478, 29, 27, 1),
	(1479, 29, 28, 1),
	(1480, 29, 29, 1),
	(1481, 29, 30, 1),
	(1482, 29, 31, 1),
	(1483, 29, 32, 1),
	(1484, 29, 33, 3),
	(1485, 29, 34, 1),
	(1486, 29, 35, 1),
	(1487, 29, 36, 1),
	(1488, 29, 37, 1),
	(1489, 29, 38, 1),
	(1490, 29, 39, 1),
	(1491, 29, 40, 1),
	(1492, 29, 41, 3),
	(1493, 29, 42, 1),
	(1494, 29, 43, 1),
	(1495, 29, 44, 1),
	(1496, 29, 45, 1),
	(1497, 29, 46, 1),
	(1498, 29, 47, 1),
	(1499, 29, 48, 1),
	(1500, 29, 49, 1),
	(1501, 30, 0, 1),
	(1502, 30, 1, 1),
	(1503, 30, 2, 1),
	(1504, 30, 3, 1),
	(1505, 30, 4, 1),
	(1506, 30, 5, 1),
	(1507, 30, 6, 1),
	(1508, 30, 7, 1),
	(1509, 30, 8, 1),
	(1510, 30, 9, 1),
	(1511, 30, 10, 1),
	(1512, 30, 11, 3),
	(1513, 30, 12, 3),
	(1514, 30, 13, 1),
	(1515, 30, 14, 1),
	(1516, 30, 15, 3),
	(1517, 30, 16, 1),
	(1518, 30, 17, 1),
	(1519, 30, 18, 1),
	(1520, 30, 19, 1),
	(1521, 30, 20, 1),
	(1522, 30, 21, 1),
	(1523, 30, 22, 1),
	(1524, 30, 23, 1),
	(1525, 30, 24, 1),
	(1526, 30, 25, 1),
	(1527, 30, 26, 1),
	(1528, 30, 27, 1),
	(1529, 30, 28, 1),
	(1530, 30, 29, 1),
	(1531, 30, 30, 3),
	(1532, 30, 31, 1),
	(1533, 30, 32, 1),
	(1534, 30, 33, 1),
	(1535, 30, 34, 1),
	(1536, 30, 35, 1),
	(1537, 30, 36, 1),
	(1538, 30, 37, 1),
	(1539, 30, 38, 1),
	(1540, 30, 39, 1),
	(1541, 30, 40, 1),
	(1542, 30, 41, 1),
	(1543, 30, 42, 1),
	(1544, 30, 43, 1),
	(1545, 30, 44, 1),
	(1546, 30, 45, 1),
	(1547, 30, 46, 1),
	(1548, 30, 47, 1),
	(1549, 30, 48, 1),
	(1550, 30, 49, 1),
	(1551, 31, 0, 1),
	(1552, 31, 1, 1),
	(1553, 31, 2, 1),
	(1554, 31, 3, 1),
	(1555, 31, 4, 1),
	(1556, 31, 5, 1),
	(1557, 31, 6, 1),
	(1558, 31, 7, 1),
	(1559, 31, 8, 1),
	(1560, 31, 9, 1),
	(1561, 31, 10, 1),
	(1562, 31, 11, 1),
	(1563, 31, 12, 1),
	(1564, 31, 13, 1),
	(1565, 31, 14, 1),
	(1566, 31, 15, 1),
	(1567, 31, 16, 1),
	(1568, 31, 17, 1),
	(1569, 31, 18, 1),
	(1570, 31, 19, 1),
	(1571, 31, 20, 1),
	(1572, 31, 21, 1),
	(1573, 31, 22, 1),
	(1574, 31, 23, 1),
	(1575, 31, 24, 1),
	(1576, 31, 25, 1),
	(1577, 31, 26, 1),
	(1578, 31, 27, 1),
	(1579, 31, 28, 1),
	(1580, 31, 29, 1),
	(1581, 31, 30, 1),
	(1582, 31, 31, 1),
	(1583, 31, 32, 1),
	(1584, 31, 33, 1),
	(1585, 31, 34, 1),
	(1586, 31, 35, 1),
	(1587, 31, 36, 1),
	(1588, 31, 37, 1),
	(1589, 31, 38, 1),
	(1590, 31, 39, 1),
	(1591, 31, 40, 1),
	(1592, 31, 41, 1),
	(1593, 31, 42, 1),
	(1594, 31, 43, 1),
	(1595, 31, 44, 1),
	(1596, 31, 45, 1),
	(1597, 31, 46, 1),
	(1598, 31, 47, 1),
	(1599, 31, 48, 1),
	(1600, 31, 49, 1),
	(1601, 32, 0, 1),
	(1602, 32, 1, 1),
	(1603, 32, 2, 1),
	(1604, 32, 3, 1),
	(1605, 32, 4, 1),
	(1606, 32, 5, 1),
	(1607, 32, 6, 1),
	(1608, 32, 7, 1),
	(1609, 32, 8, 1),
	(1610, 32, 9, 1),
	(1611, 32, 10, 1),
	(1612, 32, 11, 1),
	(1613, 32, 12, 1),
	(1614, 32, 13, 1),
	(1615, 32, 14, 1),
	(1616, 32, 15, 1),
	(1617, 32, 16, 1),
	(1618, 32, 17, 1),
	(1619, 32, 18, 1),
	(1620, 32, 19, 1),
	(1621, 32, 20, 1),
	(1622, 32, 21, 1),
	(1623, 32, 22, 1),
	(1624, 32, 23, 1),
	(1625, 32, 24, 1),
	(1626, 32, 25, 3),
	(1627, 32, 26, 1),
	(1628, 32, 27, 1),
	(1629, 32, 28, 1),
	(1630, 32, 29, 1),
	(1631, 32, 30, 1),
	(1632, 32, 31, 1),
	(1633, 32, 32, 1),
	(1634, 32, 33, 1),
	(1635, 32, 34, 3),
	(1636, 32, 35, 1),
	(1637, 32, 36, 1),
	(1638, 32, 37, 1),
	(1639, 32, 38, 1),
	(1640, 32, 39, 3),
	(1641, 32, 40, 1),
	(1642, 32, 41, 1),
	(1643, 32, 42, 1),
	(1644, 32, 43, 1),
	(1645, 32, 44, 1),
	(1646, 32, 45, 1),
	(1647, 32, 46, 1),
	(1648, 32, 47, 3),
	(1649, 32, 48, 1),
	(1650, 32, 49, 1),
	(1651, 33, 0, 1),
	(1652, 33, 1, 1),
	(1653, 33, 2, 1),
	(1654, 33, 3, 1),
	(1655, 33, 4, 1),
	(1656, 33, 5, 1),
	(1657, 33, 6, 1),
	(1658, 33, 7, 1),
	(1659, 33, 8, 1),
	(1660, 33, 9, 1),
	(1661, 33, 10, 1),
	(1662, 33, 11, 3),
	(1663, 33, 12, 1),
	(1664, 33, 13, 1),
	(1665, 33, 14, 1),
	(1666, 33, 15, 1),
	(1667, 33, 16, 3),
	(1668, 33, 17, 1),
	(1669, 33, 18, 1),
	(1670, 33, 19, 1),
	(1671, 33, 20, 1),
	(1672, 33, 21, 3),
	(1673, 33, 22, 1),
	(1674, 33, 23, 1),
	(1675, 33, 24, 1),
	(1676, 33, 25, 1),
	(1677, 33, 26, 1),
	(1678, 33, 27, 1),
	(1679, 33, 28, 1),
	(1680, 33, 29, 1),
	(1681, 33, 30, 1),
	(1682, 33, 31, 1),
	(1683, 33, 32, 1),
	(1684, 33, 33, 1),
	(1685, 33, 34, 1),
	(1686, 33, 35, 1),
	(1687, 33, 36, 1),
	(1688, 33, 37, 1),
	(1689, 33, 38, 1),
	(1690, 33, 39, 1),
	(1691, 33, 40, 1),
	(1692, 33, 41, 1),
	(1693, 33, 42, 1),
	(1694, 33, 43, 1),
	(1695, 33, 44, 1),
	(1696, 33, 45, 1),
	(1697, 33, 46, 1),
	(1698, 33, 47, 1),
	(1699, 33, 48, 1),
	(1700, 33, 49, 1),
	(1701, 34, 0, 1),
	(1702, 34, 1, 1),
	(1703, 34, 2, 1),
	(1704, 34, 3, 1),
	(1705, 34, 4, 1),
	(1706, 34, 5, 1),
	(1707, 34, 6, 1),
	(1708, 34, 7, 1),
	(1709, 34, 8, 1),
	(1710, 34, 9, 1),
	(1711, 34, 10, 1),
	(1712, 34, 11, 1),
	(1713, 34, 12, 1),
	(1714, 34, 13, 3),
	(1715, 34, 14, 1),
	(1716, 34, 15, 1),
	(1717, 34, 16, 1),
	(1718, 34, 17, 1),
	(1719, 34, 18, 1),
	(1720, 34, 19, 1),
	(1721, 34, 20, 1),
	(1722, 34, 21, 1),
	(1723, 34, 22, 1),
	(1724, 34, 23, 1),
	(1725, 34, 24, 1),
	(1726, 34, 25, 1),
	(1727, 34, 26, 1),
	(1728, 34, 27, 3),
	(1729, 34, 28, 1),
	(1730, 34, 29, 1),
	(1731, 34, 30, 1),
	(1732, 34, 31, 1),
	(1733, 34, 32, 1),
	(1734, 34, 33, 1),
	(1735, 34, 34, 1),
	(1736, 34, 35, 1),
	(1737, 34, 36, 1),
	(1738, 34, 37, 1),
	(1739, 34, 38, 1),
	(1740, 34, 39, 1),
	(1741, 34, 40, 1),
	(1742, 34, 41, 1),
	(1743, 34, 42, 1),
	(1744, 34, 43, 1),
	(1745, 34, 44, 1),
	(1746, 34, 45, 1),
	(1747, 34, 46, 1),
	(1748, 34, 47, 1),
	(1749, 34, 48, 1),
	(1750, 34, 49, 1),
	(1751, 35, 0, 1),
	(1752, 35, 1, 1),
	(1753, 35, 2, 1),
	(1754, 35, 3, 1),
	(1755, 35, 4, 3),
	(1756, 35, 5, 1),
	(1757, 35, 6, 1),
	(1758, 35, 7, 1),
	(1759, 35, 8, 1),
	(1760, 35, 9, 1),
	(1761, 35, 10, 1),
	(1762, 35, 11, 1),
	(1763, 35, 12, 1),
	(1764, 35, 13, 1),
	(1765, 35, 14, 1),
	(1766, 35, 15, 1),
	(1767, 35, 16, 1),
	(1768, 35, 17, 1),
	(1769, 35, 18, 1),
	(1770, 35, 19, 1),
	(1771, 35, 20, 1),
	(1772, 35, 21, 1),
	(1773, 35, 22, 1),
	(1774, 35, 23, 1),
	(1775, 35, 24, 1),
	(1776, 35, 25, 1),
	(1777, 35, 26, 1),
	(1778, 35, 27, 1),
	(1779, 35, 28, 1),
	(1780, 35, 29, 1),
	(1781, 35, 30, 1),
	(1782, 35, 31, 1),
	(1783, 35, 32, 1),
	(1784, 35, 33, 1),
	(1785, 35, 34, 1),
	(1786, 35, 35, 1),
	(1787, 35, 36, 1),
	(1788, 35, 37, 1),
	(1789, 35, 38, 1),
	(1790, 35, 39, 1),
	(1791, 35, 40, 1),
	(1792, 35, 41, 1),
	(1793, 35, 42, 1),
	(1794, 35, 43, 1),
	(1795, 35, 44, 1),
	(1796, 35, 45, 1),
	(1797, 35, 46, 1),
	(1798, 35, 47, 1),
	(1799, 35, 48, 1),
	(1800, 35, 49, 1),
	(1801, 36, 0, 1),
	(1802, 36, 1, 1),
	(1803, 36, 2, 1),
	(1804, 36, 3, 1),
	(1805, 36, 4, 1),
	(1806, 36, 5, 1),
	(1807, 36, 6, 1),
	(1808, 36, 7, 1),
	(1809, 36, 8, 1),
	(1810, 36, 9, 1),
	(1811, 36, 10, 1),
	(1812, 36, 11, 1),
	(1813, 36, 12, 1),
	(1814, 36, 13, 1),
	(1815, 36, 14, 1),
	(1816, 36, 15, 1),
	(1817, 36, 16, 1),
	(1818, 36, 17, 1),
	(1819, 36, 18, 3),
	(1820, 36, 19, 1),
	(1821, 36, 20, 1),
	(1822, 36, 21, 1),
	(1823, 36, 22, 1),
	(1824, 36, 23, 1),
	(1825, 36, 24, 1),
	(1826, 36, 25, 3),
	(1827, 36, 26, 1),
	(1828, 36, 27, 1),
	(1829, 36, 28, 1),
	(1830, 36, 29, 1),
	(1831, 36, 30, 1),
	(1832, 36, 31, 1),
	(1833, 36, 32, 1),
	(1834, 36, 33, 1),
	(1835, 36, 34, 1),
	(1836, 36, 35, 1),
	(1837, 36, 36, 1),
	(1838, 36, 37, 1),
	(1839, 36, 38, 1),
	(1840, 36, 39, 1),
	(1841, 36, 40, 1),
	(1842, 36, 41, 1),
	(1843, 36, 42, 1),
	(1844, 36, 43, 1),
	(1845, 36, 44, 1),
	(1846, 36, 45, 1),
	(1847, 36, 46, 1),
	(1848, 36, 47, 1),
	(1849, 36, 48, 1),
	(1850, 36, 49, 1),
	(1851, 37, 0, 1),
	(1852, 37, 1, 1),
	(1853, 37, 2, 1),
	(1854, 37, 3, 1),
	(1855, 37, 4, 1),
	(1856, 37, 5, 1),
	(1857, 37, 6, 1),
	(1858, 37, 7, 1),
	(1859, 37, 8, 1),
	(1860, 37, 9, 1),
	(1861, 37, 10, 1),
	(1862, 37, 11, 1),
	(1863, 37, 12, 1),
	(1864, 37, 13, 1),
	(1865, 37, 14, 1),
	(1866, 37, 15, 1),
	(1867, 37, 16, 1),
	(1868, 37, 17, 1),
	(1869, 37, 18, 1),
	(1870, 37, 19, 1),
	(1871, 37, 20, 1),
	(1872, 37, 21, 1),
	(1873, 37, 22, 1),
	(1874, 37, 23, 1),
	(1875, 37, 24, 1),
	(1876, 37, 25, 1),
	(1877, 37, 26, 1),
	(1878, 37, 27, 1),
	(1879, 37, 28, 1),
	(1880, 37, 29, 1),
	(1881, 37, 30, 1),
	(1882, 37, 31, 1),
	(1883, 37, 32, 1),
	(1884, 37, 33, 1),
	(1885, 37, 34, 1),
	(1886, 37, 35, 1),
	(1887, 37, 36, 1),
	(1888, 37, 37, 1),
	(1889, 37, 38, 3),
	(1890, 37, 39, 1),
	(1891, 37, 40, 1),
	(1892, 37, 41, 1),
	(1893, 37, 42, 1),
	(1894, 37, 43, 1),
	(1895, 37, 44, 1),
	(1896, 37, 45, 1),
	(1897, 37, 46, 1),
	(1898, 37, 47, 1),
	(1899, 37, 48, 1),
	(1900, 37, 49, 1),
	(1901, 38, 0, 1),
	(1902, 38, 1, 1),
	(1903, 38, 2, 3),
	(1904, 38, 3, 1),
	(1905, 38, 4, 1),
	(1906, 38, 5, 1),
	(1907, 38, 6, 1),
	(1908, 38, 7, 1),
	(1909, 38, 8, 1),
	(1910, 38, 9, 1),
	(1911, 38, 10, 1),
	(1912, 38, 11, 1),
	(1913, 38, 12, 3),
	(1914, 38, 13, 1),
	(1915, 38, 14, 1),
	(1916, 38, 15, 1),
	(1917, 38, 16, 1),
	(1918, 38, 17, 1),
	(1919, 38, 18, 1),
	(1920, 38, 19, 1),
	(1921, 38, 20, 1),
	(1922, 38, 21, 1),
	(1923, 38, 22, 1),
	(1924, 38, 23, 3),
	(1925, 38, 24, 1),
	(1926, 38, 25, 1),
	(1927, 38, 26, 1),
	(1928, 38, 27, 1),
	(1929, 38, 28, 1),
	(1930, 38, 29, 1),
	(1931, 38, 30, 1),
	(1932, 38, 31, 1),
	(1933, 38, 32, 1),
	(1934, 38, 33, 1),
	(1935, 38, 34, 1),
	(1936, 38, 35, 1),
	(1937, 38, 36, 1),
	(1938, 38, 37, 1),
	(1939, 38, 38, 1),
	(1940, 38, 39, 1),
	(1941, 38, 40, 1),
	(1942, 38, 41, 1),
	(1943, 38, 42, 1),
	(1944, 38, 43, 1),
	(1945, 38, 44, 1),
	(1946, 38, 45, 1),
	(1947, 38, 46, 1),
	(1948, 38, 47, 1),
	(1949, 38, 48, 1),
	(1950, 38, 49, 1),
	(1951, 39, 0, 1),
	(1952, 39, 1, 1),
	(1953, 39, 2, 1),
	(1954, 39, 3, 1),
	(1955, 39, 4, 1),
	(1956, 39, 5, 1),
	(1957, 39, 6, 1),
	(1958, 39, 7, 1),
	(1959, 39, 8, 1),
	(1960, 39, 9, 1),
	(1961, 39, 10, 1),
	(1962, 39, 11, 1),
	(1963, 39, 12, 1),
	(1964, 39, 13, 1),
	(1965, 39, 14, 1),
	(1966, 39, 15, 1),
	(1967, 39, 16, 1),
	(1968, 39, 17, 1),
	(1969, 39, 18, 1),
	(1970, 39, 19, 1),
	(1971, 39, 20, 1),
	(1972, 39, 21, 1),
	(1973, 39, 22, 1),
	(1974, 39, 23, 1),
	(1975, 39, 24, 1),
	(1976, 39, 25, 1),
	(1977, 39, 26, 1),
	(1978, 39, 27, 1),
	(1979, 39, 28, 1),
	(1980, 39, 29, 1),
	(1981, 39, 30, 1),
	(1982, 39, 31, 1),
	(1983, 39, 32, 1),
	(1984, 39, 33, 1),
	(1985, 39, 34, 1),
	(1986, 39, 35, 1),
	(1987, 39, 36, 1),
	(1988, 39, 37, 1),
	(1989, 39, 38, 1),
	(1990, 39, 39, 1),
	(1991, 39, 40, 1),
	(1992, 39, 41, 1),
	(1993, 39, 42, 1),
	(1994, 39, 43, 1),
	(1995, 39, 44, 1),
	(1996, 39, 45, 1),
	(1997, 39, 46, 3),
	(1998, 39, 47, 1),
	(1999, 39, 48, 1),
	(2000, 39, 49, 1),
	(2001, 40, 0, 1),
	(2002, 40, 1, 1),
	(2003, 40, 2, 1),
	(2004, 40, 3, 1),
	(2005, 40, 4, 1),
	(2006, 40, 5, 1),
	(2007, 40, 6, 1),
	(2008, 40, 7, 1),
	(2009, 40, 8, 1),
	(2010, 40, 9, 1),
	(2011, 40, 10, 1),
	(2012, 40, 11, 3),
	(2013, 40, 12, 1),
	(2014, 40, 13, 1),
	(2015, 40, 14, 1),
	(2016, 40, 15, 1),
	(2017, 40, 16, 1),
	(2018, 40, 17, 1),
	(2019, 40, 18, 1),
	(2020, 40, 19, 1),
	(2021, 40, 20, 1),
	(2022, 40, 21, 1),
	(2023, 40, 22, 1),
	(2024, 40, 23, 1),
	(2025, 40, 24, 1),
	(2026, 40, 25, 1),
	(2027, 40, 26, 1),
	(2028, 40, 27, 1),
	(2029, 40, 28, 1),
	(2030, 40, 29, 1),
	(2031, 40, 30, 1),
	(2032, 40, 31, 1),
	(2033, 40, 32, 1),
	(2034, 40, 33, 1),
	(2035, 40, 34, 1),
	(2036, 40, 35, 1),
	(2037, 40, 36, 1),
	(2038, 40, 37, 1),
	(2039, 40, 38, 1),
	(2040, 40, 39, 1),
	(2041, 40, 40, 1),
	(2042, 40, 41, 1),
	(2043, 40, 42, 1),
	(2044, 40, 43, 1),
	(2045, 40, 44, 1),
	(2046, 40, 45, 1),
	(2047, 40, 46, 1),
	(2048, 40, 47, 1),
	(2049, 40, 48, 1),
	(2050, 40, 49, 1),
	(2051, 41, 0, 1),
	(2052, 41, 1, 1),
	(2053, 41, 2, 1),
	(2054, 41, 3, 1),
	(2055, 41, 4, 1),
	(2056, 41, 5, 1),
	(2057, 41, 6, 1),
	(2058, 41, 7, 1),
	(2059, 41, 8, 1),
	(2060, 41, 9, 1),
	(2061, 41, 10, 1),
	(2062, 41, 11, 1),
	(2063, 41, 12, 1),
	(2064, 41, 13, 1),
	(2065, 41, 14, 1),
	(2066, 41, 15, 1),
	(2067, 41, 16, 1),
	(2068, 41, 17, 1),
	(2069, 41, 18, 1),
	(2070, 41, 19, 1),
	(2071, 41, 20, 1),
	(2072, 41, 21, 1),
	(2073, 41, 22, 1),
	(2074, 41, 23, 1),
	(2075, 41, 24, 1),
	(2076, 41, 25, 1),
	(2077, 41, 26, 1),
	(2078, 41, 27, 1),
	(2079, 41, 28, 1),
	(2080, 41, 29, 1),
	(2081, 41, 30, 1),
	(2082, 41, 31, 1),
	(2083, 41, 32, 1),
	(2084, 41, 33, 1),
	(2085, 41, 34, 1),
	(2086, 41, 35, 1),
	(2087, 41, 36, 1),
	(2088, 41, 37, 1),
	(2089, 41, 38, 1),
	(2090, 41, 39, 1),
	(2091, 41, 40, 1),
	(2092, 41, 41, 1),
	(2093, 41, 42, 1),
	(2094, 41, 43, 1),
	(2095, 41, 44, 1),
	(2096, 41, 45, 1),
	(2097, 41, 46, 1),
	(2098, 41, 47, 1),
	(2099, 41, 48, 1),
	(2100, 41, 49, 1),
	(2101, 42, 0, 1),
	(2102, 42, 1, 1),
	(2103, 42, 2, 1),
	(2104, 42, 3, 1),
	(2105, 42, 4, 1),
	(2106, 42, 5, 1),
	(2107, 42, 6, 1),
	(2108, 42, 7, 1),
	(2109, 42, 8, 1),
	(2110, 42, 9, 1),
	(2111, 42, 10, 1),
	(2112, 42, 11, 3),
	(2113, 42, 12, 1),
	(2114, 42, 13, 1),
	(2115, 42, 14, 1),
	(2116, 42, 15, 1),
	(2117, 42, 16, 1),
	(2118, 42, 17, 1),
	(2119, 42, 18, 1),
	(2120, 42, 19, 1),
	(2121, 42, 20, 1),
	(2122, 42, 21, 1),
	(2123, 42, 22, 1),
	(2124, 42, 23, 1),
	(2125, 42, 24, 1),
	(2126, 42, 25, 1),
	(2127, 42, 26, 1),
	(2128, 42, 27, 1),
	(2129, 42, 28, 3),
	(2130, 42, 29, 1),
	(2131, 42, 30, 1),
	(2132, 42, 31, 1),
	(2133, 42, 32, 1),
	(2134, 42, 33, 1),
	(2135, 42, 34, 1),
	(2136, 42, 35, 1),
	(2137, 42, 36, 1),
	(2138, 42, 37, 1),
	(2139, 42, 38, 1),
	(2140, 42, 39, 1),
	(2141, 42, 40, 1),
	(2142, 42, 41, 1),
	(2143, 42, 42, 1),
	(2144, 42, 43, 1),
	(2145, 42, 44, 1),
	(2146, 42, 45, 1),
	(2147, 42, 46, 1),
	(2148, 42, 47, 1),
	(2149, 42, 48, 1),
	(2150, 42, 49, 1),
	(2151, 43, 0, 1),
	(2152, 43, 1, 1),
	(2153, 43, 2, 1),
	(2154, 43, 3, 1),
	(2155, 43, 4, 1),
	(2156, 43, 5, 1),
	(2157, 43, 6, 1),
	(2158, 43, 7, 1),
	(2159, 43, 8, 1),
	(2160, 43, 9, 1),
	(2161, 43, 10, 1),
	(2162, 43, 11, 1),
	(2163, 43, 12, 1),
	(2164, 43, 13, 1),
	(2165, 43, 14, 1),
	(2166, 43, 15, 1),
	(2167, 43, 16, 1),
	(2168, 43, 17, 1),
	(2169, 43, 18, 1),
	(2170, 43, 19, 1),
	(2171, 43, 20, 1),
	(2172, 43, 21, 1),
	(2173, 43, 22, 1),
	(2174, 43, 23, 1),
	(2175, 43, 24, 1),
	(2176, 43, 25, 1),
	(2177, 43, 26, 1),
	(2178, 43, 27, 1),
	(2179, 43, 28, 1),
	(2180, 43, 29, 1),
	(2181, 43, 30, 1),
	(2182, 43, 31, 1),
	(2183, 43, 32, 1),
	(2184, 43, 33, 1),
	(2185, 43, 34, 1),
	(2186, 43, 35, 1),
	(2187, 43, 36, 1),
	(2188, 43, 37, 1),
	(2189, 43, 38, 1),
	(2190, 43, 39, 1),
	(2191, 43, 40, 1),
	(2192, 43, 41, 1),
	(2193, 43, 42, 3),
	(2194, 43, 43, 1),
	(2195, 43, 44, 1),
	(2196, 43, 45, 1),
	(2197, 43, 46, 1),
	(2198, 43, 47, 1),
	(2199, 43, 48, 1),
	(2200, 43, 49, 1),
	(2201, 44, 0, 1),
	(2202, 44, 1, 1),
	(2203, 44, 2, 1),
	(2204, 44, 3, 1),
	(2205, 44, 4, 1),
	(2206, 44, 5, 1),
	(2207, 44, 6, 3),
	(2208, 44, 7, 1),
	(2209, 44, 8, 3),
	(2210, 44, 9, 1),
	(2211, 44, 10, 1),
	(2212, 44, 11, 1),
	(2213, 44, 12, 1),
	(2214, 44, 13, 1),
	(2215, 44, 14, 1),
	(2216, 44, 15, 1),
	(2217, 44, 16, 1),
	(2218, 44, 17, 1),
	(2219, 44, 18, 1),
	(2220, 44, 19, 1),
	(2221, 44, 20, 1),
	(2222, 44, 21, 1),
	(2223, 44, 22, 1),
	(2224, 44, 23, 3),
	(2225, 44, 24, 1),
	(2226, 44, 25, 1),
	(2227, 44, 26, 1),
	(2228, 44, 27, 1),
	(2229, 44, 28, 1),
	(2230, 44, 29, 1),
	(2231, 44, 30, 1),
	(2232, 44, 31, 1),
	(2233, 44, 32, 1),
	(2234, 44, 33, 3),
	(2235, 44, 34, 1),
	(2236, 44, 35, 1),
	(2237, 44, 36, 1),
	(2238, 44, 37, 1),
	(2239, 44, 38, 1),
	(2240, 44, 39, 1),
	(2241, 44, 40, 3),
	(2242, 44, 41, 1),
	(2243, 44, 42, 1),
	(2244, 44, 43, 1),
	(2245, 44, 44, 1),
	(2246, 44, 45, 1),
	(2247, 44, 46, 1),
	(2248, 44, 47, 3),
	(2249, 44, 48, 1),
	(2250, 44, 49, 1),
	(2251, 45, 0, 1),
	(2252, 45, 1, 1),
	(2253, 45, 2, 1),
	(2254, 45, 3, 1),
	(2255, 45, 4, 1),
	(2256, 45, 5, 1),
	(2257, 45, 6, 1),
	(2258, 45, 7, 1),
	(2259, 45, 8, 1),
	(2260, 45, 9, 1),
	(2261, 45, 10, 1),
	(2262, 45, 11, 1),
	(2263, 45, 12, 1),
	(2264, 45, 13, 1),
	(2265, 45, 14, 1),
	(2266, 45, 15, 1),
	(2267, 45, 16, 1),
	(2268, 45, 17, 1),
	(2269, 45, 18, 1),
	(2270, 45, 19, 1),
	(2271, 45, 20, 1),
	(2272, 45, 21, 1),
	(2273, 45, 22, 1),
	(2274, 45, 23, 1),
	(2275, 45, 24, 1),
	(2276, 45, 25, 1),
	(2277, 45, 26, 1),
	(2278, 45, 27, 1),
	(2279, 45, 28, 1),
	(2280, 45, 29, 1),
	(2281, 45, 30, 1),
	(2282, 45, 31, 1),
	(2283, 45, 32, 1),
	(2284, 45, 33, 1),
	(2285, 45, 34, 1),
	(2286, 45, 35, 1),
	(2287, 45, 36, 1),
	(2288, 45, 37, 1),
	(2289, 45, 38, 1),
	(2290, 45, 39, 1),
	(2291, 45, 40, 3),
	(2292, 45, 41, 1),
	(2293, 45, 42, 1),
	(2294, 45, 43, 1),
	(2295, 45, 44, 1),
	(2296, 45, 45, 1),
	(2297, 45, 46, 1),
	(2298, 45, 47, 1),
	(2299, 45, 48, 1),
	(2300, 45, 49, 1),
	(2301, 46, 0, 1),
	(2302, 46, 1, 1),
	(2303, 46, 2, 1),
	(2304, 46, 3, 1),
	(2305, 46, 4, 3),
	(2306, 46, 5, 1),
	(2307, 46, 6, 1),
	(2308, 46, 7, 1),
	(2309, 46, 8, 1),
	(2310, 46, 9, 1),
	(2311, 46, 10, 1),
	(2312, 46, 11, 1),
	(2313, 46, 12, 1),
	(2314, 46, 13, 1),
	(2315, 46, 14, 1),
	(2316, 46, 15, 1),
	(2317, 46, 16, 1),
	(2318, 46, 17, 1),
	(2319, 46, 18, 1),
	(2320, 46, 19, 1),
	(2321, 46, 20, 1),
	(2322, 46, 21, 3),
	(2323, 46, 22, 1),
	(2324, 46, 23, 1),
	(2325, 46, 24, 1),
	(2326, 46, 25, 1),
	(2327, 46, 26, 1),
	(2328, 46, 27, 1),
	(2329, 46, 28, 1),
	(2330, 46, 29, 1),
	(2331, 46, 30, 1),
	(2332, 46, 31, 1),
	(2333, 46, 32, 1),
	(2334, 46, 33, 1),
	(2335, 46, 34, 1),
	(2336, 46, 35, 1),
	(2337, 46, 36, 1),
	(2338, 46, 37, 1),
	(2339, 46, 38, 1),
	(2340, 46, 39, 1),
	(2341, 46, 40, 1),
	(2342, 46, 41, 1),
	(2343, 46, 42, 1),
	(2344, 46, 43, 1),
	(2345, 46, 44, 1),
	(2346, 46, 45, 1),
	(2347, 46, 46, 1),
	(2348, 46, 47, 1),
	(2349, 46, 48, 1),
	(2350, 46, 49, 1),
	(2351, 47, 0, 3),
	(2352, 47, 1, 1),
	(2353, 47, 2, 1),
	(2354, 47, 3, 1),
	(2355, 47, 4, 1),
	(2356, 47, 5, 1),
	(2357, 47, 6, 1),
	(2358, 47, 7, 1),
	(2359, 47, 8, 1),
	(2360, 47, 9, 1),
	(2361, 47, 10, 1),
	(2362, 47, 11, 1),
	(2363, 47, 12, 1),
	(2364, 47, 13, 1),
	(2365, 47, 14, 1),
	(2366, 47, 15, 1),
	(2367, 47, 16, 1),
	(2368, 47, 17, 3),
	(2369, 47, 18, 1),
	(2370, 47, 19, 1),
	(2371, 47, 20, 1),
	(2372, 47, 21, 3),
	(2373, 47, 22, 1),
	(2374, 47, 23, 1),
	(2375, 47, 24, 1),
	(2376, 47, 25, 1),
	(2377, 47, 26, 1),
	(2378, 47, 27, 1),
	(2379, 47, 28, 1),
	(2380, 47, 29, 1),
	(2381, 47, 30, 1),
	(2382, 47, 31, 1),
	(2383, 47, 32, 1),
	(2384, 47, 33, 1),
	(2385, 47, 34, 1),
	(2386, 47, 35, 1),
	(2387, 47, 36, 1),
	(2388, 47, 37, 1),
	(2389, 47, 38, 1),
	(2390, 47, 39, 1),
	(2391, 47, 40, 1),
	(2392, 47, 41, 1),
	(2393, 47, 42, 1),
	(2394, 47, 43, 1),
	(2395, 47, 44, 1),
	(2396, 47, 45, 1),
	(2397, 47, 46, 1),
	(2398, 47, 47, 1),
	(2399, 47, 48, 1),
	(2400, 47, 49, 1),
	(2401, 48, 0, 1),
	(2402, 48, 1, 1),
	(2403, 48, 2, 1),
	(2404, 48, 3, 1),
	(2405, 48, 4, 1),
	(2406, 48, 5, 1),
	(2407, 48, 6, 1),
	(2408, 48, 7, 1),
	(2409, 48, 8, 3),
	(2410, 48, 9, 1),
	(2411, 48, 10, 1),
	(2412, 48, 11, 1),
	(2413, 48, 12, 1),
	(2414, 48, 13, 1),
	(2415, 48, 14, 1),
	(2416, 48, 15, 1),
	(2417, 48, 16, 1),
	(2418, 48, 17, 1),
	(2419, 48, 18, 1),
	(2420, 48, 19, 1),
	(2421, 48, 20, 3),
	(2422, 48, 21, 3),
	(2423, 48, 22, 1),
	(2424, 48, 23, 1),
	(2425, 48, 24, 1),
	(2426, 48, 25, 3),
	(2427, 48, 26, 1),
	(2428, 48, 27, 1),
	(2429, 48, 28, 1),
	(2430, 48, 29, 1),
	(2431, 48, 30, 1),
	(2432, 48, 31, 1),
	(2433, 48, 32, 1),
	(2434, 48, 33, 1),
	(2435, 48, 34, 1),
	(2436, 48, 35, 3),
	(2437, 48, 36, 1),
	(2438, 48, 37, 1),
	(2439, 48, 38, 1),
	(2440, 48, 39, 1),
	(2441, 48, 40, 1),
	(2442, 48, 41, 1),
	(2443, 48, 42, 1),
	(2444, 48, 43, 1),
	(2445, 48, 44, 1),
	(2446, 48, 45, 2),
	(2447, 48, 46, 2),
	(2448, 48, 47, 3),
	(2449, 48, 48, 3),
	(2450, 48, 49, 1),
	(2451, 49, 0, 1),
	(2452, 49, 1, 3),
	(2453, 49, 2, 1),
	(2454, 49, 3, 1),
	(2455, 49, 4, 1),
	(2456, 49, 5, 1),
	(2457, 49, 6, 1),
	(2458, 49, 7, 1),
	(2459, 49, 8, 1),
	(2460, 49, 9, 1),
	(2461, 49, 10, 1),
	(2462, 49, 11, 1),
	(2463, 49, 12, 1),
	(2464, 49, 13, 1),
	(2465, 49, 14, 1),
	(2466, 49, 15, 1),
	(2467, 49, 16, 1),
	(2468, 49, 17, 1),
	(2469, 49, 18, 1),
	(2470, 49, 19, 1),
	(2471, 49, 20, 1),
	(2472, 49, 21, 1),
	(2473, 49, 22, 1),
	(2474, 49, 23, 1),
	(2475, 49, 24, 1),
	(2476, 49, 25, 1),
	(2477, 49, 26, 1),
	(2478, 49, 27, 1),
	(2479, 49, 28, 1),
	(2480, 49, 29, 1),
	(2481, 49, 30, 1),
	(2482, 49, 31, 1),
	(2483, 49, 32, 1),
	(2484, 49, 33, 1),
	(2485, 49, 34, 1),
	(2486, 49, 35, 1),
	(2487, 49, 36, 1),
	(2488, 49, 37, 1),
	(2489, 49, 38, 1),
	(2490, 49, 39, 1),
	(2491, 49, 40, 1),
	(2492, 49, 41, 1),
	(2493, 49, 42, 1),
	(2494, 49, 43, 1),
	(2495, 49, 44, 1),
	(2496, 49, 45, 1),
	(2497, 49, 46, 3),
	(2498, 49, 47, 1),
	(2499, 49, 48, 1),
	(2500, 49, 49, 1),
	(2501, -11, -11, 1);
/*!40000 ALTER TABLE `xyval` ENABLE KEYS */;

-- 뷰 tester1.castletroop_slotunit 구조 내보내기
DROP VIEW IF EXISTS `castletroop_slotunit`;
-- 임시 테이블을 제거하고 최종 VIEW 구조를 생성
DROP TABLE IF EXISTS `castletroop_slotunit`;
CREATE ALGORITHM=UNDEFINED DEFINER=`root`@`localhost` SQL SECURITY DEFINER VIEW `castletroop_slotunit` AS select `ct`.`LocationID` AS `LocationID`,`s`.`SlotID` AS `SlotID`,`s`.`SlotUID` AS `SlotUID`,`s`.`SlotAmount` AS `SlotAmount` from (`slot` `s` join `castletroop` `ct` on((`s`.`SlotID` = `ct`.`SlotID`)));

-- 뷰 tester1.herotroop_slotunit 구조 내보내기
DROP VIEW IF EXISTS `herotroop_slotunit`;
-- 임시 테이블을 제거하고 최종 VIEW 구조를 생성
DROP TABLE IF EXISTS `herotroop_slotunit`;
CREATE ALGORITHM=UNDEFINED DEFINER=`root`@`localhost` SQL SECURITY DEFINER VIEW `herotroop_slotunit` AS select `ht`.`HeroID` AS `HeroID`,`s`.`SlotID` AS `SlotID`,`s`.`SlotUID` AS `slotUID`,`s`.`SlotAmount` AS `slotAmount` from (`slot` `s` join `herotroop` `ht` on((`s`.`SlotID` = `ht`.`SlotID`)));

-- 뷰 tester1.user_all_production 구조 내보내기
DROP VIEW IF EXISTS `user_all_production`;
-- 임시 테이블을 제거하고 최종 VIEW 구조를 생성
DROP TABLE IF EXISTS `user_all_production`;
CREATE ALGORITHM=UNDEFINED DEFINER=`tester1`@`%` SQL SECURITY DEFINER VIEW `user_all_production` AS select `castle`.`UserID` AS `UserID`,sum((`castle`.`Production` + ifnull(0,`outresource`.`Production`))) AS `Production` from (`castle` left join `outresource` on((`castle`.`UserID` = `outresource`.`UserID`))) group by `castle`.`UserID`;

/*!40101 SET SQL_MODE=IFNULL(@OLD_SQL_MODE, '') */;
/*!40014 SET FOREIGN_KEY_CHECKS=IF(@OLD_FOREIGN_KEY_CHECKS IS NULL, 1, @OLD_FOREIGN_KEY_CHECKS) */;
/*!40101 SET CHARACTER_SET_CLIENT=@OLD_CHARACTER_SET_CLIENT */;
